0x7f48d99dd2b3,0x7ffd151480d8
0x7f48d99de054,0x7ffd151480d0
0x7f48d99de058,0x7ffd151480c8
0x7f48d99de05a,0x7ffd151480c0
0x7f48d99de05c,0x7ffd151480b8
0x7f48d99de05e,0x7ffd151480b0
0x7f48d99de060,0x7ffd151480a8
0x7f48d99de068,0x7ffd15148058
0x7f48d99de075,0x7f48d99f7e0e
0x7f48d99de075,0x7f48d99f7e0e
0x7f48d99de07c,0x7f48d99f7af0
0x7f48d99de091,0x7f48d99f6aa0
0x7f48d99de098,0x7f48d99f6e80
0x7f48d99de09f,0x7f48d99f7b00
0x7f48d99de0e9,0x7f48d99f7ba0
0x7f48d99de0ed,0x7f48d99f6e90
0x7f48d99de0e9,0x7f48d99f7b50
0x7f48d99de0ed,0x7f48d99f6ea0
0x7f48d99de0e9,0x7f48d99f7d90
0x7f48d99de0ed,0x7f48d99f6eb0
0x7f48d99de0e9,0x7f48d99f7b58
0x7f48d99de0ed,0x7f48d99f6ec0
0x7f48d99de0e9,0x7f48d99f7b60
0x7f48d99de0ed,0x7f48d99f6ed0
0x7f48d99de0e9,0x7f48d99f7b80
0x7f48d99de0ed,0x7f48d99f6ee0
0x7f48d99de0e9,0x7f48d99f7b88
0x7f48d99de0ed,0x7f48d99f6ef0
0x7f48d99de0e9,0x7f48d99f7b48
0x7f48d99de0ed,0x7f48d99f6f00
0x7f48d99de0e9,0x7f48d99f7b40
0x7f48d99de0ed,0x7f48d99f6f10
0x7f48d99de0e9,0x7f48d99f7bd0
0x7f48d99de0ed,0x7f48d99f6f20
0x7f48d99de0e9,0x7f48d99f7be8
0x7f48d99de0ed,0x7f48d99f6f30
0x7f48d99de0e9,0x7f48d99f7b68
0x7f48d99de0ed,0x7f48d99f6f40
0x7f48d99de0e9,0x7f48d99f7b70
0x7f48d99de0ed,0x7f48d99f6f50
0x7f48d99de0e9,0x7f48d99f7b78
0x7f48d99de0ed,0x7f48d99f6f60
0x7f48d99de0e9,0x7f48d99f7c60
0x7f48d99de0ed,0x7f48d99f6f70
0x7f48d99de0e9,0x7f48d99f7c58
0x7f48d99de0ed,0x7f48d99f6f80
0x7f48d99de0e9,0x7f48d99f7cc0
0x7f48d99de0ed,0x7f48d99f6f90
0x7f48d99de0e9,0x7f48d99f7c78
0x7f48d99de0ed,0x7f48d99f6fa0
0x7f48d99de148,0x7f48d99f7e0e
0x7f48d99de15a,0x7f48d99f7b50
0x7f48d99de166,0x7f48d99f6e98
0x7f48d99de166,0x7f48d99f6e98
0x7f48d99de16a,0x7f48d99f7b48
0x7f48d99de176,0x7f48d99f6ef8
0x7f48d99de176,0x7f48d99f6ef8
0x7f48d99de17a,0x7f48d99f7b58
0x7f48d99de186,0x7f48d99f6eb8
0x7f48d99de186,0x7f48d99f6eb8
0x7f48d99de18a,0x7f48d99f7b60
0x7f48d99de196,0x7f48d99f6ec8
0x7f48d99de196,0x7f48d99f6ec8
0x7f48d99de19a,0x7f48d99f7b68
0x7f48d99de1a6,0x7f48d99f6f38
0x7f48d99de1a6,0x7f48d99f6f38
0x7f48d99de1aa,0x7f48d99f7be8
0x7f48d99de1b6,0x7f48d99f6f28
0x7f48d99de1b6,0x7f48d99f6f28
0x7f48d99de1ba,0x7f48d99f7cc0
0x7f48d99de1c6,0x7f48d99f6f88
0x7f48d99de1c6,0x7f48d99f6f88
0x7f48d99de1ca,0x7f48d99f7d90
0x7f48d99de1d6,0x7f48d99f6ea8
0x7f48d99de1d6,0x7f48d99f6ea8
0x7f48d99de1da,0x7f48d99f7bd0
0x7f48d99de1e6,0x7f48d99f6f18
0x7f48d99de1f1,0x7f48d99f7b68
0x7f48d99de1fd,0x7f48d99f7b78
0x7f48d99de204,0x7f48d99f6f58
0x7f48d99de20f,0x7f48d99f7c18
0x7f48d99de21d,0x7f48d99f7ba8
0x7f48d99de22b,0x7f48d99f7c68
0x7f48d99de245,0x7f48d99f7c20
0x7f48d99de263,0x7f48d99f7be8
0x7f48d99de26a,0x7ffd15148060
0x7f48d99de26e,0x7ffd15148070
0x7f48d99de272,0x7ffd15148080
0x7f48d99de276,0x7ffd15148090
0x7f48d99de283,0x7f48d99f6f38
0x7f48d99de28a,0x7f48d99f7c78
0x7f48d99de299,0x7f48d99f7b70
0x7f48d99de2a0,0x7f48d99f6f48
0x7f48d99de2b6,0x7ffd15148060
0x7f48d99de2bf,0x7f48d99f6f98
0x7f48d99de2c3,0x7ffd15148070
0x7f48d99de2cc,0x7f48d99f6f28
0x7f48d99de2d3,0x7f48d99f7b40
0x7f48d99de2de,0x7f48d99f6f08
0x7f48d99de611,0x7ffd15148068
0x7f48d99de316,0x7ffd15148028
0x7f48d99de327,0x7f48d99f7b60
0x7f48d99de32e,0x7ffd15148060
0x7f48d99de331,0x7ffd15148070
0x7f48d99de335,0x7ffd15148068
0x7f48d99de339,0x7f48d99f6ec8
0x7f48d99de360,0x7f48d99bdd58
0x7f48d99de366,0x7f48d99bdd60
0x7f48d99de370,0x7f48d99bdd68
0x7f48d99de37b,0x7f48d99f5620
0x7f48d99de360,0x7f48d99bdd70
0x7f48d99de366,0x7f48d99bdd78
0x7f48d99de370,0x7f48d99bdd80
0x7f48d99de37b,0x7f48d99f5628
0x7f48d99de360,0x7f48d99bdd88
0x7f48d99de366,0x7f48d99bdd90
0x7f48d99de370,0x7f48d99bdd98
0x7f48d99de37b,0x7f48d99f5630
0x7f48d99de360,0x7f48d99bdda0
0x7f48d99de366,0x7f48d99bdda8
0x7f48d99de370,0x7f48d99bddb0
0x7f48d99de37b,0x7f48d99f5638
0x7f48d99de360,0x7f48d99bddb8
0x7f48d99de366,0x7f48d99bddc0
0x7f48d99de370,0x7f48d99bddc8
0x7f48d99de37b,0x7f48d99f5640
0x7f48d99de360,0x7f48d99bddd0
0x7f48d99de366,0x7f48d99bddd8
0x7f48d99de370,0x7f48d99bdde0
0x7f48d99de37b,0x7f48d99f5648
0x7f48d99de360,0x7f48d99bdde8
0x7f48d99de366,0x7f48d99bddf0
0x7f48d99de370,0x7f48d99bddf8
0x7f48d99de37b,0x7f48d99f5650
0x7f48d99de360,0x7f48d99bde00
0x7f48d99de366,0x7f48d99bde08
0x7f48d99de370,0x7f48d99bde10
0x7f48d99de37b,0x7f48d99f5658
0x7f48d99de360,0x7f48d99bde18
0x7f48d99de366,0x7f48d99bde20
0x7f48d99de370,0x7f48d99bde28
0x7f48d99de37b,0x7f48d99f5660
0x7f48d99de360,0x7f48d99bde30
0x7f48d99de366,0x7f48d99bde38
0x7f48d99de370,0x7f48d99bde40
0x7f48d99de37b,0x7f48d99f5668
0x7f48d99de360,0x7f48d99bde48
0x7f48d99de366,0x7f48d99bde50
0x7f48d99de370,0x7f48d99bde58
0x7f48d99de37b,0x7f48d99f5670
0x7f48d99de360,0x7f48d99bde60
0x7f48d99de366,0x7f48d99bde68
0x7f48d99de370,0x7f48d99bde70
0x7f48d99de37b,0x7f48d99f5678
0x7f48d99de360,0x7f48d99bde78
0x7f48d99de366,0x7f48d99bde80
0x7f48d99de370,0x7f48d99bde88
0x7f48d99de37b,0x7f48d99f5680
0x7f48d99de360,0x7f48d99bde90
0x7f48d99de366,0x7f48d99bde98
0x7f48d99de370,0x7f48d99bdea0
0x7f48d99de37b,0x7f48d99f5688
0x7f48d99de360,0x7f48d99bdea8
0x7f48d99de366,0x7f48d99bdeb0
0x7f48d99de370,0x7f48d99bdeb8
0x7f48d99de37b,0x7f48d99f5690
0x7f48d99de360,0x7f48d99bdec0
0x7f48d99de366,0x7f48d99bdec8
0x7f48d99de370,0x7f48d99bded0
0x7f48d99de37b,0x7f48d99f5698
0x7f48d99de360,0x7f48d99bded8
0x7f48d99de366,0x7f48d99bdee0
0x7f48d99de370,0x7f48d99bdee8
0x7f48d99de37b,0x7f48d99f56a0
0x7f48d99de360,0x7f48d99bdef0
0x7f48d99de366,0x7f48d99bdef8
0x7f48d99de370,0x7f48d99bdf00
0x7f48d99de37b,0x7f48d99f56a8
0x7f48d99de360,0x7f48d99bdf08
0x7f48d99de366,0x7f48d99bdf10
0x7f48d99de370,0x7f48d99bdf18
0x7f48d99de37b,0x7f48d99f56b0
0x7f48d99de360,0x7f48d99bdf20
0x7f48d99de366,0x7f48d99bdf28
0x7f48d99de370,0x7f48d99bdf30
0x7f48d99de37b,0x7f48d99f56b8
0x7f48d99de360,0x7f48d99bdf38
0x7f48d99de366,0x7f48d99bdf40
0x7f48d99de370,0x7f48d99bdf48
0x7f48d99de37b,0x7f48d99f56c0
0x7f48d99de360,0x7f48d99bdf50
0x7f48d99de366,0x7f48d99bdf58
0x7f48d99de370,0x7f48d99bdf60
0x7f48d99de37b,0x7f48d99f56c8
0x7f48d99de360,0x7f48d99bdf68
0x7f48d99de366,0x7f48d99bdf70
0x7f48d99de370,0x7f48d99bdf78
0x7f48d99de37b,0x7f48d99f56d0
0x7f48d99de360,0x7f48d99bdf80
0x7f48d99de366,0x7f48d99bdf88
0x7f48d99de370,0x7f48d99bdf90
0x7f48d99de37b,0x7f48d99f56d8
0x7f48d99de360,0x7f48d99bdf98
0x7f48d99de366,0x7f48d99bdfa0
0x7f48d99de370,0x7f48d99bdfa8
0x7f48d99de37b,0x7f48d99f56e0
0x7f48d99de360,0x7f48d99bdfb0
0x7f48d99de366,0x7f48d99bdfb8
0x7f48d99de370,0x7f48d99bdfc0
0x7f48d99de37b,0x7f48d99f56e8
0x7f48d99de360,0x7f48d99bdfc8
0x7f48d99de366,0x7f48d99bdfd0
0x7f48d99de370,0x7f48d99bdfd8
0x7f48d99de37b,0x7f48d99f56f0
0x7f48d99de360,0x7f48d99bdfe0
0x7f48d99de366,0x7f48d99bdfe8
0x7f48d99de370,0x7f48d99bdff0
0x7f48d99de37b,0x7f48d99f56f8
0x7f48d99de360,0x7f48d99bdff8
0x7f48d99de366,0x7f48d99be000
0x7f48d99de370,0x7f48d99be008
0x7f48d99de37b,0x7f48d99f5700
0x7f48d99de360,0x7f48d99be010
0x7f48d99de366,0x7f48d99be018
0x7f48d99de370,0x7f48d99be020
0x7f48d99de37b,0x7f48d99f5708
0x7f48d99de360,0x7f48d99be028
0x7f48d99de366,0x7f48d99be030
0x7f48d99de370,0x7f48d99be038
0x7f48d99de37b,0x7f48d99f5710
0x7f48d99de360,0x7f48d99be040
0x7f48d99de366,0x7f48d99be048
0x7f48d99de370,0x7f48d99be050
0x7f48d99de37b,0x7f48d99f5718
0x7f48d99de360,0x7f48d99be058
0x7f48d99de366,0x7f48d99be060
0x7f48d99de370,0x7f48d99be068
0x7f48d99de37b,0x7f48d99f5720
0x7f48d99de360,0x7f48d99be070
0x7f48d99de366,0x7f48d99be078
0x7f48d99de370,0x7f48d99be080
0x7f48d99de37b,0x7f48d99f5728
0x7f48d99de360,0x7f48d99be088
0x7f48d99de366,0x7f48d99be090
0x7f48d99de370,0x7f48d99be098
0x7f48d99de37b,0x7f48d99f5730
0x7f48d99de360,0x7f48d99be0a0
0x7f48d99de366,0x7f48d99be0a8
0x7f48d99de370,0x7f48d99be0b0
0x7f48d99de37b,0x7f48d99f5738
0x7f48d99de360,0x7f48d99be0b8
0x7f48d99de366,0x7f48d99be0c0
0x7f48d99de370,0x7f48d99be0c8
0x7f48d99de37b,0x7f48d99f5740
0x7f48d99de360,0x7f48d99be0d0
0x7f48d99de366,0x7f48d99be0d8
0x7f48d99de370,0x7f48d99be0e0
0x7f48d99de37b,0x7f48d99f5748
0x7f48d99de360,0x7f48d99be0e8
0x7f48d99de366,0x7f48d99be0f0
0x7f48d99de370,0x7f48d99be0f8
0x7f48d99de37b,0x7f48d99f5750
0x7f48d99de360,0x7f48d99be100
0x7f48d99de366,0x7f48d99be108
0x7f48d99de370,0x7f48d99be110
0x7f48d99de37b,0x7f48d99f5758
0x7f48d99de360,0x7f48d99be118
0x7f48d99de366,0x7f48d99be120
0x7f48d99de370,0x7f48d99be128
0x7f48d99de37b,0x7f48d99f5760
0x7f48d99de360,0x7f48d99be130
0x7f48d99de366,0x7f48d99be138
0x7f48d99de370,0x7f48d99be140
0x7f48d99de37b,0x7f48d99f5770
0x7f48d99de360,0x7f48d99be148
0x7f48d99de366,0x7f48d99be150
0x7f48d99de370,0x7f48d99be158
0x7f48d99de37b,0x7f48d99f5778
0x7f48d99de360,0x7f48d99be160
0x7f48d99de366,0x7f48d99be168
0x7f48d99de370,0x7f48d99be170
0x7f48d99de37b,0x7f48d99f5780
0x7f48d99de360,0x7f48d99be178
0x7f48d99de366,0x7f48d99be180
0x7f48d99de370,0x7f48d99be188
0x7f48d99de37b,0x7f48d99f5788
0x7f48d99de360,0x7f48d99be190
0x7f48d99de366,0x7f48d99be198
0x7f48d99de370,0x7f48d99be1a0
0x7f48d99de37b,0x7f48d99f5790
0x7f48d99de360,0x7f48d99be1a8
0x7f48d99de366,0x7f48d99be1b0
0x7f48d99de370,0x7f48d99be1b8
0x7f48d99de37b,0x7f48d99f5798
0x7f48d99de360,0x7f48d99be1c0
0x7f48d99de366,0x7f48d99be1c8
0x7f48d99de370,0x7f48d99be1d0
0x7f48d99de37b,0x7f48d99f57a0
0x7f48d99de360,0x7f48d99be1d8
0x7f48d99de366,0x7f48d99be1e0
0x7f48d99de370,0x7f48d99be1e8
0x7f48d99de37b,0x7f48d99f57a8
0x7f48d99de360,0x7f48d99be1f0
0x7f48d99de366,0x7f48d99be1f8
0x7f48d99de370,0x7f48d99be200
0x7f48d99de37b,0x7f48d99f57b0
0x7f48d99de360,0x7f48d99be208
0x7f48d99de366,0x7f48d99be210
0x7f48d99de370,0x7f48d99be218
0x7f48d99de37b,0x7f48d99f57b8
0x7f48d99de360,0x7f48d99be220
0x7f48d99de366,0x7f48d99be228
0x7f48d99de370,0x7f48d99be230
0x7f48d99de37b,0x7f48d99f57c0
0x7f48d99de360,0x7f48d99be238
0x7f48d99de366,0x7f48d99be240
0x7f48d99de370,0x7f48d99be248
0x7f48d99de37b,0x7f48d99f57c8
0x7f48d99de360,0x7f48d99be250
0x7f48d99de366,0x7f48d99be258
0x7f48d99de370,0x7f48d99be260
0x7f48d99de37b,0x7f48d99f57d0
0x7f48d99de360,0x7f48d99be268
0x7f48d99de366,0x7f48d99be270
0x7f48d99de370,0x7f48d99be278
0x7f48d99de37b,0x7f48d99f57d8
0x7f48d99de360,0x7f48d99be280
0x7f48d99de366,0x7f48d99be288
0x7f48d99de370,0x7f48d99be290
0x7f48d99de37b,0x7f48d99f57e0
0x7f48d99de360,0x7f48d99be298
0x7f48d99de366,0x7f48d99be2a0
0x7f48d99de370,0x7f48d99be2a8
0x7f48d99de37b,0x7f48d99f57e8
0x7f48d99de360,0x7f48d99be2b0
0x7f48d99de366,0x7f48d99be2b8
0x7f48d99de370,0x7f48d99be2c0
0x7f48d99de37b,0x7f48d99f57f8
0x7f48d99de360,0x7f48d99be2c8
0x7f48d99de366,0x7f48d99be2d0
0x7f48d99de370,0x7f48d99be2d8
0x7f48d99de37b,0x7f48d99f5800
0x7f48d99de360,0x7f48d99be2e0
0x7f48d99de366,0x7f48d99be2e8
0x7f48d99de370,0x7f48d99be2f0
0x7f48d99de37b,0x7f48d99f5808
0x7f48d99de360,0x7f48d99be2f8
0x7f48d99de366,0x7f48d99be300
0x7f48d99de370,0x7f48d99be308
0x7f48d99de37b,0x7f48d99f5810
0x7f48d99de360,0x7f48d99be310
0x7f48d99de366,0x7f48d99be318
0x7f48d99de370,0x7f48d99be320
0x7f48d99de37b,0x7f48d99f5818
0x7f48d99de360,0x7f48d99be328
0x7f48d99de366,0x7f48d99be330
0x7f48d99de370,0x7f48d99be338
0x7f48d99de37b,0x7f48d99f5820
0x7f48d99de360,0x7f48d99be340
0x7f48d99de366,0x7f48d99be348
0x7f48d99de370,0x7f48d99be350
0x7f48d99de37b,0x7f48d99f5828
0x7f48d99de360,0x7f48d99be358
0x7f48d99de366,0x7f48d99be360
0x7f48d99de370,0x7f48d99be368
0x7f48d99de37b,0x7f48d99f5830
0x7f48d99de360,0x7f48d99be370
0x7f48d99de366,0x7f48d99be378
0x7f48d99de370,0x7f48d99be380
0x7f48d99de37b,0x7f48d99f5838
0x7f48d99de360,0x7f48d99be388
0x7f48d99de366,0x7f48d99be390
0x7f48d99de370,0x7f48d99be398
0x7f48d99de37b,0x7f48d99f5840
0x7f48d99de360,0x7f48d99be3a0
0x7f48d99de366,0x7f48d99be3a8
0x7f48d99de370,0x7f48d99be3b0
0x7f48d99de37b,0x7f48d99f5848
0x7f48d99de360,0x7f48d99be3b8
0x7f48d99de366,0x7f48d99be3c0
0x7f48d99de370,0x7f48d99be3c8
0x7f48d99de37b,0x7f48d99f5850
0x7f48d99de360,0x7f48d99be3d0
0x7f48d99de366,0x7f48d99be3d8
0x7f48d99de370,0x7f48d99be3e0
0x7f48d99de37b,0x7f48d99f5858
0x7f48d99de360,0x7f48d99be3e8
0x7f48d99de366,0x7f48d99be3f0
0x7f48d99de370,0x7f48d99be3f8
0x7f48d99de37b,0x7f48d99f5860
0x7f48d99de360,0x7f48d99be400
0x7f48d99de366,0x7f48d99be408
0x7f48d99de370,0x7f48d99be410
0x7f48d99de37b,0x7f48d99f5868
0x7f48d99de360,0x7f48d99be418
0x7f48d99de366,0x7f48d99be420
0x7f48d99de370,0x7f48d99be428
0x7f48d99de37b,0x7f48d99f5870
0x7f48d99de360,0x7f48d99be430
0x7f48d99de366,0x7f48d99be438
0x7f48d99de370,0x7f48d99be440
0x7f48d99de37b,0x7f48d99f5878
0x7f48d99de360,0x7f48d99be448
0x7f48d99de366,0x7f48d99be450
0x7f48d99de370,0x7f48d99be458
0x7f48d99de37b,0x7f48d99f5880
0x7f48d99de360,0x7f48d99be460
0x7f48d99de366,0x7f48d99be468
0x7f48d99de370,0x7f48d99be470
0x7f48d99de37b,0x7f48d99f5888
0x7f48d99de360,0x7f48d99be478
0x7f48d99de366,0x7f48d99be480
0x7f48d99de370,0x7f48d99be488
0x7f48d99de37b,0x7f48d99f5890
0x7f48d99de360,0x7f48d99be490
0x7f48d99de366,0x7f48d99be498
0x7f48d99de370,0x7f48d99be4a0
0x7f48d99de37b,0x7f48d99f5898
0x7f48d99de360,0x7f48d99be4a8
0x7f48d99de366,0x7f48d99be4b0
0x7f48d99de370,0x7f48d99be4b8
0x7f48d99de37b,0x7f48d99f58a0
0x7f48d99de360,0x7f48d99be4c0
0x7f48d99de366,0x7f48d99be4c8
0x7f48d99de370,0x7f48d99be4d0
0x7f48d99de37b,0x7f48d99f58a8
0x7f48d99de360,0x7f48d99be4d8
0x7f48d99de366,0x7f48d99be4e0
0x7f48d99de370,0x7f48d99be4e8
0x7f48d99de37b,0x7f48d99f58b0
0x7f48d99de360,0x7f48d99be4f0
0x7f48d99de366,0x7f48d99be4f8
0x7f48d99de370,0x7f48d99be500
0x7f48d99de37b,0x7f48d99f58b8
0x7f48d99de360,0x7f48d99be508
0x7f48d99de366,0x7f48d99be510
0x7f48d99de370,0x7f48d99be518
0x7f48d99de37b,0x7f48d99f58c0
0x7f48d99de360,0x7f48d99be520
0x7f48d99de366,0x7f48d99be528
0x7f48d99de370,0x7f48d99be530
0x7f48d99de37b,0x7f48d99f58c8
0x7f48d99de360,0x7f48d99be538
0x7f48d99de366,0x7f48d99be540
0x7f48d99de370,0x7f48d99be548
0x7f48d99de37b,0x7f48d99f58d0
0x7f48d99de360,0x7f48d99be550
0x7f48d99de366,0x7f48d99be558
0x7f48d99de370,0x7f48d99be560
0x7f48d99de37b,0x7f48d99f58d8
0x7f48d99de360,0x7f48d99be568
0x7f48d99de366,0x7f48d99be570
0x7f48d99de370,0x7f48d99be578
0x7f48d99de37b,0x7f48d99f58e0
0x7f48d99de360,0x7f48d99be580
0x7f48d99de366,0x7f48d99be588
0x7f48d99de370,0x7f48d99be590
0x7f48d99de37b,0x7f48d99f58e8
0x7f48d99de360,0x7f48d99be598
0x7f48d99de366,0x7f48d99be5a0
0x7f48d99de370,0x7f48d99be5a8
0x7f48d99de37b,0x7f48d99f58f0
0x7f48d99de360,0x7f48d99be5b0
0x7f48d99de366,0x7f48d99be5b8
0x7f48d99de370,0x7f48d99be5c0
0x7f48d99de37b,0x7f48d99f58f8
0x7f48d99de360,0x7f48d99be5c8
0x7f48d99de366,0x7f48d99be5d0
0x7f48d99de370,0x7f48d99be5d8
0x7f48d99de37b,0x7f48d99f5900
0x7f48d99de360,0x7f48d99be5e0
0x7f48d99de366,0x7f48d99be5e8
0x7f48d99de370,0x7f48d99be5f0
0x7f48d99de37b,0x7f48d99f5908
0x7f48d99de360,0x7f48d99be5f8
0x7f48d99de366,0x7f48d99be600
0x7f48d99de370,0x7f48d99be608
0x7f48d99de37b,0x7f48d99f5910
0x7f48d99de360,0x7f48d99be610
0x7f48d99de366,0x7f48d99be618
0x7f48d99de370,0x7f48d99be620
0x7f48d99de37b,0x7f48d99f5918
0x7f48d99de360,0x7f48d99be628
0x7f48d99de366,0x7f48d99be630
0x7f48d99de370,0x7f48d99be638
0x7f48d99de37b,0x7f48d99f5920
0x7f48d99de360,0x7f48d99be640
0x7f48d99de366,0x7f48d99be648
0x7f48d99de370,0x7f48d99be650
0x7f48d99de37b,0x7f48d99f5928
0x7f48d99de360,0x7f48d99be658
0x7f48d99de366,0x7f48d99be660
0x7f48d99de370,0x7f48d99be668
0x7f48d99de37b,0x7f48d99f5930
0x7f48d99de360,0x7f48d99be670
0x7f48d99de366,0x7f48d99be678
0x7f48d99de370,0x7f48d99be680
0x7f48d99de37b,0x7f48d99f5938
0x7f48d99de360,0x7f48d99be688
0x7f48d99de366,0x7f48d99be690
0x7f48d99de370,0x7f48d99be698
0x7f48d99de37b,0x7f48d99f5940
0x7f48d99de360,0x7f48d99be6a0
0x7f48d99de366,0x7f48d99be6a8
0x7f48d99de370,0x7f48d99be6b0
0x7f48d99de37b,0x7f48d99f5948
0x7f48d99de360,0x7f48d99be6b8
0x7f48d99de366,0x7f48d99be6c0
0x7f48d99de370,0x7f48d99be6c8
0x7f48d99de37b,0x7f48d99f5950
0x7f48d99de360,0x7f48d99be6d0
0x7f48d99de366,0x7f48d99be6d8
0x7f48d99de370,0x7f48d99be6e0
0x7f48d99de37b,0x7f48d99f5958
0x7f48d99de360,0x7f48d99be6e8
0x7f48d99de366,0x7f48d99be6f0
0x7f48d99de370,0x7f48d99be6f8
0x7f48d99de37b,0x7f48d99f5960
0x7f48d99de360,0x7f48d99be700
0x7f48d99de366,0x7f48d99be708
0x7f48d99de370,0x7f48d99be710
0x7f48d99de37b,0x7f48d99f5968
0x7f48d99de360,0x7f48d99be718
0x7f48d99de366,0x7f48d99be720
0x7f48d99de370,0x7f48d99be728
0x7f48d99de37b,0x7f48d99f5970
0x7f48d99de360,0x7f48d99be730
0x7f48d99de366,0x7f48d99be738
0x7f48d99de370,0x7f48d99be740
0x7f48d99de37b,0x7f48d99f5978
0x7f48d99de360,0x7f48d99be748
0x7f48d99de366,0x7f48d99be750
0x7f48d99de370,0x7f48d99be758
0x7f48d99de37b,0x7f48d99f5980
0x7f48d99de360,0x7f48d99be760
0x7f48d99de366,0x7f48d99be768
0x7f48d99de370,0x7f48d99be770
0x7f48d99de37b,0x7f48d99f5988
0x7f48d99de360,0x7f48d99be778
0x7f48d99de366,0x7f48d99be780
0x7f48d99de370,0x7f48d99be788
0x7f48d99de37b,0x7f48d99f5990
0x7f48d99de360,0x7f48d99be790
0x7f48d99de366,0x7f48d99be798
0x7f48d99de370,0x7f48d99be7a0
0x7f48d99de37b,0x7f48d99f5998
0x7f48d99de360,0x7f48d99be7a8
0x7f48d99de366,0x7f48d99be7b0
0x7f48d99de370,0x7f48d99be7b8
0x7f48d99de37b,0x7f48d99f59a0
0x7f48d99de360,0x7f48d99be7c0
0x7f48d99de366,0x7f48d99be7c8
0x7f48d99de370,0x7f48d99be7d0
0x7f48d99de37b,0x7f48d99f59a8
0x7f48d99de360,0x7f48d99be7d8
0x7f48d99de366,0x7f48d99be7e0
0x7f48d99de370,0x7f48d99be7e8
0x7f48d99de37b,0x7f48d99f59b0
0x7f48d99de360,0x7f48d99be7f0
0x7f48d99de366,0x7f48d99be7f8
0x7f48d99de370,0x7f48d99be800
0x7f48d99de37b,0x7f48d99f59b8
0x7f48d99de360,0x7f48d99be808
0x7f48d99de366,0x7f48d99be810
0x7f48d99de370,0x7f48d99be818
0x7f48d99de37b,0x7f48d99f59c0
0x7f48d99de360,0x7f48d99be820
0x7f48d99de366,0x7f48d99be828
0x7f48d99de370,0x7f48d99be830
0x7f48d99de37b,0x7f48d99f59c8
0x7f48d99de360,0x7f48d99be838
0x7f48d99de366,0x7f48d99be840
0x7f48d99de370,0x7f48d99be848
0x7f48d99de37b,0x7f48d99f59d0
0x7f48d99de360,0x7f48d99be850
0x7f48d99de366,0x7f48d99be858
0x7f48d99de370,0x7f48d99be860
0x7f48d99de37b,0x7f48d99f59d8
0x7f48d99de360,0x7f48d99be868
0x7f48d99de366,0x7f48d99be870
0x7f48d99de370,0x7f48d99be878
0x7f48d99de37b,0x7f48d99f59e0
0x7f48d99de360,0x7f48d99be880
0x7f48d99de366,0x7f48d99be888
0x7f48d99de370,0x7f48d99be890
0x7f48d99de37b,0x7f48d99f59e8
0x7f48d99de360,0x7f48d99be898
0x7f48d99de366,0x7f48d99be8a0
0x7f48d99de370,0x7f48d99be8a8
0x7f48d99de37b,0x7f48d99f59f0
0x7f48d99de360,0x7f48d99be8b0
0x7f48d99de366,0x7f48d99be8b8
0x7f48d99de370,0x7f48d99be8c0
0x7f48d99de37b,0x7f48d99f59f8
0x7f48d99de360,0x7f48d99be8c8
0x7f48d99de366,0x7f48d99be8d0
0x7f48d99de370,0x7f48d99be8d8
0x7f48d99de37b,0x7f48d99f5a00
0x7f48d99de360,0x7f48d99be8e0
0x7f48d99de366,0x7f48d99be8e8
0x7f48d99de370,0x7f48d99be8f0
0x7f48d99de37b,0x7f48d99f5a08
0x7f48d99de360,0x7f48d99be8f8
0x7f48d99de366,0x7f48d99be900
0x7f48d99de370,0x7f48d99be908
0x7f48d99de37b,0x7f48d99f5a10
0x7f48d99de360,0x7f48d99be910
0x7f48d99de366,0x7f48d99be918
0x7f48d99de370,0x7f48d99be920
0x7f48d99de37b,0x7f48d99f5a18
0x7f48d99de360,0x7f48d99be928
0x7f48d99de366,0x7f48d99be930
0x7f48d99de370,0x7f48d99be938
0x7f48d99de37b,0x7f48d99f5a20
0x7f48d99de360,0x7f48d99be940
0x7f48d99de366,0x7f48d99be948
0x7f48d99de370,0x7f48d99be950
0x7f48d99de37b,0x7f48d99f5a28
0x7f48d99de360,0x7f48d99be958
0x7f48d99de366,0x7f48d99be960
0x7f48d99de370,0x7f48d99be968
0x7f48d99de37b,0x7f48d99f5a30
0x7f48d99de360,0x7f48d99be970
0x7f48d99de366,0x7f48d99be978
0x7f48d99de370,0x7f48d99be980
0x7f48d99de37b,0x7f48d99f5a38
0x7f48d99de360,0x7f48d99be988
0x7f48d99de366,0x7f48d99be990
0x7f48d99de370,0x7f48d99be998
0x7f48d99de37b,0x7f48d99f5a40
0x7f48d99de360,0x7f48d99be9a0
0x7f48d99de366,0x7f48d99be9a8
0x7f48d99de370,0x7f48d99be9b0
0x7f48d99de37b,0x7f48d99f5a48
0x7f48d99de360,0x7f48d99be9b8
0x7f48d99de366,0x7f48d99be9c0
0x7f48d99de370,0x7f48d99be9c8
0x7f48d99de37b,0x7f48d99f6e10
0x7f48d99de360,0x7f48d99be9d0
0x7f48d99de366,0x7f48d99be9d8
0x7f48d99de370,0x7f48d99be9e0
0x7f48d99de37b,0x7f48d99f6e18
0x7f48d99de360,0x7f48d99be9e8
0x7f48d99de366,0x7f48d99be9f0
0x7f48d99de370,0x7f48d99be9f8
0x7f48d99de37b,0x7f48d99f6e20
0x7f48d99de360,0x7f48d99bea00
0x7f48d99de366,0x7f48d99bea08
0x7f48d99de370,0x7f48d99bea10
0x7f48d99de37b,0x7f48d99f6e28
0x7f48d99de360,0x7f48d99bea18
0x7f48d99de366,0x7f48d99bea20
0x7f48d99de370,0x7f48d99bea28
0x7f48d99de37b,0x7f48d99f6e30
0x7f48d99de360,0x7f48d99bea30
0x7f48d99de366,0x7f48d99bea38
0x7f48d99de370,0x7f48d99bea40
0x7f48d99de37b,0x7f48d99f6e38
0x7f48d99de360,0x7f48d99bea48
0x7f48d99de366,0x7f48d99bea50
0x7f48d99de370,0x7f48d99bea58
0x7f48d99de37b,0x7f48d99f6e40
0x7f48d99de360,0x7f48d99bea60
0x7f48d99de366,0x7f48d99bea68
0x7f48d99de370,0x7f48d99bea70
0x7f48d99de37b,0x7f48d99f6e48
0x7f48d99de360,0x7f48d99bea78
0x7f48d99de366,0x7f48d99bea80
0x7f48d99de370,0x7f48d99bea88
0x7f48d99de37b,0x7f48d99f6e50
0x7f48d99de360,0x7f48d99bea90
0x7f48d99de366,0x7f48d99bea98
0x7f48d99de370,0x7f48d99beaa0
0x7f48d99de37b,0x7f48d99f6e60
0x7f48d99de383,0x7f48d99f7cc0
0x7f48d99de3b7,0x7f48d99beab0
0x7f48d99de3bb,0x7f48d99beaa8
0x7f48d99de3e0,0x7f48d99bd7d4
0x7f48d99de3e5,0x7f48d99bd7d6
0x7f48d99de3ea,0x7f48d99bd7d8
0x7f48d99de3fc,0x7f48d99f7af0
0x7f48d99de4a0,0x7f48d99beab8
0x7f48d99de4a4,0x7f48d99f6ff0
0x7f48d99de3b7,0x7f48d99beac8
0x7f48d99de3bb,0x7f48d99beac0
0x7f48d99de3e0,0x7f48d99bd84c
0x7f48d99de3e5,0x7f48d99bd84e
0x7f48d99de3ea,0x7f48d99bd850
0x7f48d99de3fc,0x7f48d99f7af0
0x7f48d99de4a0,0x7f48d99bead0
0x7f48d99de4a4,0x7f48d99f6ff8
0x7f48d99de3b7,0x7f48d99beae0
0x7f48d99de3bb,0x7f48d99bead8
0x7f48d99de3e0,0x7f48d99bd594
0x7f48d99de3e5,0x7f48d99bd596
0x7f48d99de3ea,0x7f48d99bd598
0x7f48d99de3fc,0x7f48d99f7af0
0x7f48d99de3b7,0x7f48d99beaf8
0x7f48d99de3bb,0x7f48d99beaf0
0x7f48d99de3e0,0x7f48d99bd72c
0x7f48d99de3e5,0x7f48d99bd72e
0x7f48d99de3ea,0x7f48d99bd730
0x7f48d99de3fc,0x7f48d99f7af0
0x7f48d99de4a0,0x7f48d99beb00
0x7f48d99de4a4,0x7f48d99f7018
0x7f48d99de3b7,0x7f48d99beb10
0x7f48d99de3bb,0x7f48d99beb08
0x7f48d99de3e0,0x7f48d99bd6fc
0x7f48d99de3e5,0x7f48d99bd6fe
0x7f48d99de3ea,0x7f48d99bd700
0x7f48d99de3fc,0x7f48d99f7af0
0x7f48d99de4a0,0x7f48d99beb18
0x7f48d99de4a4,0x7f48d99f7020
0x7f48d99de3b7,0x7f48d99beb28
0x7f48d99de3bb,0x7f48d99beb20
0x7f48d99de3e0,0x7f48d99bd87c
0x7f48d99de3e5,0x7f48d99bd87e
0x7f48d99de3ea,0x7f48d99bd880
0x7f48d99de3fc,0x7f48d99f7af0
0x7f48d99de4a0,0x7f48d99beb30
0x7f48d99de4a4,0x7f48d99f7028
0x7f48d99de3b7,0x7f48d99beb40
0x7f48d99de3bb,0x7f48d99beb38
0x7f48d99de3e0,0x7f48d99bd8dc
0x7f48d99de3e5,0x7f48d99bd8de
0x7f48d99de3ea,0x7f48d99bd8e0
0x7f48d99de3fc,0x7f48d99f7af0
0x7f48d99de4a0,0x7f48d99beb48
0x7f48d99de4a4,0x7f48d99f7030
0x7f48d99de455,0x7f48d99f7af0
0x7f48d99de45c,0x7f48d99f7e0e
0x7f48d99de327,0x7f48d99f7b60
0x7f48d99de32e,0x7ffd15148080
0x7f48d99de331,0x7ffd15148090
0x7f48d99de335,0x7ffd15148088
0x7f48d99de339,0x7f48d99f6ec8
0x7f48d99de383,0x7f48d99f7cc0
0x7f48d99de530,0x7f48d99f7e0c
0x7f48d99de530,0x7f48d99f7e0c
0x7f48d99de537,0x7ffd15148018
0x7f48d99db30b,0x7f48d99f6a70
0x7f48d99db319,0x7f48d99f6a68
0x7f48d99db327,0x7f48d99f6a60
0x7f48d99db335,0x7f48d99f6a58
0x7f48d99db33c,0x7ffd15148018
0x7f48d99de543,0x7f48d99f6e58
0x7f48d99de55d,0x7f48d99f6aa0
0x7f48d99de564,0x7ffd15148018
0x7f48d99d0534,0x7f48d99f7d90
0x7f48d99d0543,0x7f48d99f6ea8
0x7f48d99d0547,0x7f48d99f7e0e
0x7f48d99d0550,0x7f48d99bd430
0x7f48d99d0552,0x7f48d99f7de4
0x7f48d99d0558,0x7f48d99bd438
0x7f48d99d055b,0x7f48d99bd434
0x7f48d99d056a,0x7f48d99f7de8
0x7f48d99d057d,0x7f48d99bd43c
0x7f48d99d0592,0x7f48d99f7dec
0x7f48d99d0598,0x7f48d99f7e00
0x7f48d99d059f,0x7f48d99f7df0
0x7f48d99d05a6,0x7ffd15148018
0x7f48d99de577,0x7f48d99f7b18
0x7f48d99de588,0x7ffd15148058
0x7f48d99de59e,0x7f48d99f7e58
0x7f48d99de5a5,0x7f48d99f6a90
0x7f48d99de5ac,0x7f48d99f7e48
0x7f48d99de5b3,0x7ffd15148018
0x7f48d99dc464,0x7ffd15148010
0x7f48d99dc469,0x7ffd15148008
0x7f48d99dc46f,0x7ffd15148000
0x7f48d99dc471,0x7ffd15147ff8
0x7f48d99dc473,0x7ffd15147ff0
0x7f48d99dc474,0x7ffd15147fe8
0x7f48d99dc47c,0x7ffd151480e0
0x7f48d99dc47f,0x7f48d99f6a90
0x7f48d99dc486,0x7f48d99f6ac0
0x7f48d99dc48d,0x7f48d99f6ac8
0x7f48d99dc49b,0x7f48d99f82d0
0x7f48d99dc4a2,0x7ffd15148108
0x7f48d99dc4af,0x7ffd15148110
0x7f48d99dc4af,0x7ffd15148118
0x7f48d99dc4af,0x7ffd15148120
0x7f48d99dc4af,0x7ffd15148128
0x7f48d99dc4af,0x7ffd15148130
0x7f48d99dc4af,0x7ffd15148138
0x7f48d99dc4af,0x7ffd15148140
0x7f48d99dc4af,0x7ffd15148148
0x7f48d99dc4af,0x7ffd15148150
0x7f48d99dc4af,0x7ffd15148158
0x7f48d99dc4af,0x7ffd15148160
0x7f48d99dc4af,0x7ffd15148168
0x7f48d99dc4af,0x7ffd15148170
0x7f48d99dc4af,0x7ffd15148178
0x7f48d99dc4af,0x7ffd15148180
0x7f48d99dc4af,0x7ffd15148188
0x7f48d99dc4af,0x7ffd15148190
0x7f48d99dc4af,0x7ffd15148198
0x7f48d99dc4af,0x7ffd151481a0
0x7f48d99dc4af,0x7ffd151481a8
0x7f48d99dc4af,0x7ffd151481b0
0x7f48d99dc4af,0x7ffd151481b8
0x7f48d99dc4af,0x7ffd151481c0
0x7f48d99dc4af,0x7ffd151481c8
0x7f48d99dc4af,0x7ffd151481d0
0x7f48d99dc4af,0x7ffd151481d8
0x7f48d99dc4af,0x7ffd151481e0
0x7f48d99dc4af,0x7ffd151481e8
0x7f48d99dc4af,0x7ffd151481f0
0x7f48d99dc4af,0x7ffd151481f8
0x7f48d99dc4af,0x7ffd15148200
0x7f48d99dc4af,0x7ffd15148208
0x7f48d99dc4af,0x7ffd15148210
0x7f48d99dc4af,0x7ffd15148218
0x7f48d99dc4af,0x7ffd15148220
0x7f48d99dc4af,0x7ffd15148228
0x7f48d99dc4af,0x7ffd15148230
0x7f48d99dc4af,0x7ffd15148238
0x7f48d99dc4af,0x7ffd15148240
0x7f48d99dc4af,0x7ffd15148248
0x7f48d99dc4af,0x7ffd15148250
0x7f48d99dc4af,0x7ffd15148258
0x7f48d99dc4af,0x7ffd15148260
0x7f48d99dc4af,0x7ffd15148268
0x7f48d99dc4af,0x7ffd15148270
0x7f48d99dc4af,0x7ffd15148278
0x7f48d99dc4af,0x7ffd15148280
0x7f48d99dc4af,0x7ffd15148288
0x7f48d99dc4af,0x7ffd15148290
0x7f48d99dc4af,0x7ffd15148298
0x7f48d99dc4af,0x7ffd151482a0
0x7f48d99dc4af,0x7ffd151482a8
0x7f48d99dc4af,0x7ffd151482b0
0x7f48d99dc4af,0x7ffd151482b8
0x7f48d99dc4b9,0x7ffd151482c0
0x7f48d99dc4c4,0x7f48d99f6ae8
0x7f48d99dc4cf,0x7f48d99f6b48
0x7f48d99dc4d6,0x7ffd15147fd8
0x7f48d99dc4db,0x7f48d99f6b00
0x7f48d99dc4ef,0x7ffd15147f9b
0x7f48d99dc4fc,0x7ffd15147f9c
0x7f48d99dc50a,0x7ffd15147f9d
0x7f48d99dc532,0x7f48d99e9a74
0x7f48d99dc648,0x7ffd151482c8
0x7f48d99dc656,0x7ffd15147f90
0x7f48d99dc65b,0x7ffd151482d0
0x7f48d99dc532,0x7f48d99e9abc
0x7f48d99dc620,0x7ffd151482d8
0x7f48d99dc62d,0x7ffd15147f80
0x7f48d99dc631,0x7ffd151482e0
0x7f48d99dc532,0x7f48d99e9a30
0x7f48d99dc738,0x7ffd151482e8
0x7f48d99dc746,0x7ffd15147fa8
0x7f48d99dc74b,0x7ffd151482f0
0x7f48d99dc532,0x7f48d99e9a08
0x7f48d99dc7b0,0x7ffd151482f8
0x7f48d99dc7b8,0x7ffd15147f9d
0x7f48d99dc7bd,0x7ffd15147fc0
0x7f48d99dc7c2,0x7ffd15148300
0x7f48d99dc532,0x7f48d99e9a34
0x7f48d99dc710,0x7ffd15148308
0x7f48d99dc71d,0x7ffd15147fb8
0x7f48d99dc721,0x7ffd15148310
0x7f48d99dc532,0x7f48d99e99fc
0x7f48d99dc540,0x7ffd15148318
0x7f48d99dc548,0x7ffd15148320
0x7f48d99dc532,0x7f48d99e9a00
0x7f48d99dc548,0x7ffd15148330
0x7f48d99dc532,0x7f48d99e9a04
0x7f48d99dc7d8,0x7ffd15148338
0x7f48d99dc7dc,0x7ffd15148340
0x7f48d99dc532,0x7f48d99e9a0c
0x7f48d99dc548,0x7ffd15148350
0x7f48d99dc532,0x7f48d99e9a10
0x7f48d99dc548,0x7ffd15148360
0x7f48d99dc532,0x7f48d99e9a14
0x7f48d99dc788,0x7ffd15148368
0x7f48d99dc790,0x7ffd15147f9c
0x7f48d99dc795,0x7ffd15147fc8
0x7f48d99dc79a,0x7ffd15148370
0x7f48d99dc532,0x7f48d99e9a1c
0x7f48d99dc548,0x7ffd15148380
0x7f48d99dc532,0x7f48d99e9a20
0x7f48d99dc548,0x7ffd15148390
0x7f48d99dc532,0x7f48d99e9a24
0x7f48d99dc548,0x7ffd151483a0
0x7f48d99dc532,0x7f48d99e9a28
0x7f48d99dc548,0x7ffd151483b0
0x7f48d99dc532,0x7f48d99e9a4c
0x7f48d99dc6c0,0x7ffd151483b8
0x7f48d99dc6c7,0x7ffd15147f9b
0x7f48d99dc6cc,0x7ffd15147fbc
0x7f48d99dc6d0,0x7ffd151483c0
0x7f48d99dc532,0x7f48d99e9a54
0x7f48d99dc698,0x7ffd151483c8
0x7f48d99dc6a6,0x7ffd15147f88
0x7f48d99dc6ab,0x7ffd151483d0
0x7f48d99dc532,0x7f48d99e9a58
0x7f48d99dc670,0x7ffd151483d8
0x7f48d99dc67e,0x7ffd15147fa0
0x7f48d99dc683,0x7ffd151483e0
0x7f48d99dc532,0x7f48d99e9a6c
0x7f48d99dc548,0x7ffd151483f0
0x7f48d99dc532,0x7f48d99e9a2c
0x7f48d99dc760,0x7ffd151483f8
0x7f48d99dc76e,0x7ffd15147fb0
0x7f48d99dc773,0x7ffd15148400
0x7f48d99dc55d,0x7ffd15147f80
0x7f48d99dc561,0x7f48d99f6b00
0x7f48d99dc56d,0x7ffd15147f88
0x7f48d99dc572,0x7f48d99f6a88
0x7f48d99dc57e,0x7ffd15147f90
0x7f48d99dc583,0x7f48d99f6dc8
0x7f48d99dc5a0,0x7ffd15147fb8
0x7f48d99dc5a4,0x7f48d99f6b20
0x7f48d99dc5af,0x7ffd15147fa0
0x7f48d99dc5b4,0x7f48d99f6e00
0x7f48d99dc5c0,0x7ffd15147fa8
0x7f48d99dc5c5,0x7f48d99f6b40
0x7f48d99dc5d1,0x7ffd15147fb0
0x7f48d99dc5d6,0x7f48d99f6ae8
0x7f48d99dc5dd,0x7ffd15147f9b
0x7f48d99dc5e4,0x7ffd15147fbc
0x7f48d99dc5e8,0x7f48d99f6a98
0x7f48d99dc5ee,0x7ffd15147f9c
0x7f48d99dc5f5,0x7ffd15147fc8
0x7f48d99dc5fa,0x7ffd15147fd8
0x7f48d99dc5ff,0x7ffd15147f9d
0x7f48d99dc60a,0x7ffd15147fc0
0x7f48d99dc60f,0x7f48d99f6af8
0x7f48d99dc7fd,0x7ffd15147f78
0x7f48d99d4564,0x7ffd15147f70
0x7f48d99d4566,0x7ffd15147f68
0x7f48d99d456b,0x7ffd15147f60
0x7f48d99d456d,0x7ffd15147f58
0x7f48d99d456f,0x7ffd15147f50
0x7f48d99d4570,0x7ffd15147f48
0x7f48d99d4575,0x7f48d99f6a98
0x7f48d99d45a9,0x7ffd15148108
0x7f48d99d45b5,0x7ffd1514a0ef
0x7f48d99d45bc,0x7ffd15147ee0
0x7f48d99d45e0,0x7ffd1514a0f0
0x7f48d99d45e0,0x7ffd1514a0f1
0x7f48d99d45e0,0x7ffd1514a0f2
0x7f48d99d45e0,0x7ffd1514a0f3
0x7f48d99d45e0,0x7ffd1514a0f4
0x7f48d99d4614,0x7ffd15147ee8
0x7f48d99d463b,0x7ffd1514a0ef
0x7f48d99d4642,0x7f48d99f6a98
0x7f48d99d466a,0x7f48d99f5b50
0x7f48d99d4671,0x7f48d99f5b58
0x7f48d99d466a,0x7f48d99f5bc0
0x7f48d99d4671,0x7f48d99f5bc8
0x7f48d99d466a,0x7f48d99f5c30
0x7f48d99d4671,0x7f48d99f5c38
0x7f48d99d4690,0x7ffd1514a0ef
0x7f48d99d466a,0x7f48d99f5ca0
0x7f48d99d4671,0x7f48d99f5ca8
0x7f48d99d4690,0x7ffd1514a0ef
0x7f48d99d466a,0x7f48d99f5d10
0x7f48d99d4671,0x7f48d99f5d18
0x7f48d99d466a,0x7f48d99f5d80
0x7f48d99d4671,0x7f48d99f5d88
0x7f48d99d466a,0x7f48d99f5df0
0x7f48d99d4671,0x7f48d99f5df8
0x7f48d99d466a,0x7f48d99f5e60
0x7f48d99d4671,0x7f48d99f5e68
0x7f48d99d466a,0x7f48d99f5ed0
0x7f48d99d4671,0x7f48d99f5ed8
0x7f48d99d466a,0x7f48d99f5f40
0x7f48d99d4671,0x7f48d99f5f48
0x7f48d99d466a,0x7f48d99f5fb0
0x7f48d99d4671,0x7f48d99f5fb8
0x7f48d99d466a,0x7f48d99f6020
0x7f48d99d4671,0x7f48d99f6028
0x7f48d99d466a,0x7f48d99f6090
0x7f48d99d4671,0x7f48d99f6098
0x7f48d99d466a,0x7f48d99f6100
0x7f48d99d4671,0x7f48d99f6108
0x7f48d99d466a,0x7f48d99f6170
0x7f48d99d4671,0x7f48d99f6178
0x7f48d99d4690,0x7ffd1514a0ef
0x7f48d99d466a,0x7f48d99f61e0
0x7f48d99d4671,0x7f48d99f61e8
0x7f48d99d466a,0x7f48d99f6250
0x7f48d99d4671,0x7f48d99f6258
0x7f48d99d466a,0x7f48d99f62c0
0x7f48d99d4671,0x7f48d99f62c8
0x7f48d99d466a,0x7f48d99f6330
0x7f48d99d4671,0x7f48d99f6338
0x7f48d99d466a,0x7f48d99f63a0
0x7f48d99d4671,0x7f48d99f63a8
0x7f48d99d4690,0x7ffd1514a0ef
0x7f48d99d466a,0x7f48d99f6410
0x7f48d99d4671,0x7f48d99f6418
0x7f48d99d4690,0x7ffd1514a0ef
0x7f48d99d466a,0x7f48d99f6480
0x7f48d99d4671,0x7f48d99f6488
0x7f48d99d466a,0x7f48d99f64f0
0x7f48d99d4671,0x7f48d99f64f8
0x7f48d99d466a,0x7f48d99f6560
0x7f48d99d4671,0x7f48d99f6568
0x7f48d99d466a,0x7f48d99f65d0
0x7f48d99d4671,0x7f48d99f65d8
0x7f48d99d466a,0x7f48d99f6640
0x7f48d99d4671,0x7f48d99f6648
0x7f48d99d466a,0x7f48d99f66b0
0x7f48d99d4671,0x7f48d99f66b8
0x7f48d99d4690,0x7ffd1514a0ef
0x7f48d99d466a,0x7f48d99f6720
0x7f48d99d4671,0x7f48d99f6728
0x7f48d99d4690,0x7ffd1514a0ef
0x7f48d99d466a,0x7f48d99f6790
0x7f48d99d4671,0x7f48d99f6798
0x7f48d99d466a,0x7f48d99f6800
0x7f48d99d4671,0x7f48d99f6808
0x7f48d99d466a,0x7f48d99f6870
0x7f48d99d4671,0x7f48d99f6878
0x7f48d99d4690,0x7ffd1514a0ef
0x7f48d99d466a,0x7f48d99f68e0
0x7f48d99d4671,0x7f48d99f68e8
0x7f48d99d466a,0x7f48d99f6950
0x7f48d99d4671,0x7f48d99f6958
0x7f48d99d466a,0x7f48d99f69c0
0x7f48d99d4671,0x7f48d99f69c8
0x7f48d99d466a,0x7f48d99f6a30
0x7f48d99d4671,0x7f48d99f6a38
0x7f48d99d4690,0x7ffd1514a0ef
0x7f48d99d4730,0x7ffd15147ee0
0x7f48d99d45a9,0x7ffd15148110
0x7f48d99d45b5,0x7ffd1514a0ff
0x7f48d99d45bc,0x7ffd15147ee0
0x7f48d99d45e0,0x7ffd1514a100
0x7f48d99d45e0,0x7ffd1514a101
0x7f48d99d45e0,0x7ffd1514a102
0x7f48d99d45e0,0x7ffd1514a103
0x7f48d99d45e0,0x7ffd1514a104
0x7f48d99d45e0,0x7ffd1514a105
0x7f48d99d45e0,0x7ffd1514a106
0x7f48d99d45e0,0x7ffd1514a107
0x7f48d99d45e0,0x7ffd1514a108
0x7f48d99d45e0,0x7ffd1514a109
0x7f48d99d45e0,0x7ffd1514a10a
0x7f48d99d45e0,0x7ffd1514a10b
0x7f48d99d45e0,0x7ffd1514a10c
0x7f48d99d45e0,0x7ffd1514a10d
0x7f48d99d45e0,0x7ffd1514a10e
0x7f48d99d4614,0x7ffd15147ee8
0x7f48d99d463b,0x7ffd1514a0ff
0x7f48d99d4642,0x7f48d99f6a98
0x7f48d99d466a,0x7f48d99f5b50
0x7f48d99d4671,0x7f48d99f5b58
0x7f48d99d466a,0x7f48d99f5bc0
0x7f48d99d4671,0x7f48d99f5bc8
0x7f48d99d466a,0x7f48d99f5c30
0x7f48d99d4671,0x7f48d99f5c38
0x7f48d99d4690,0x7ffd1514a0ff
0x7f48d99d466a,0x7f48d99f5ca0
0x7f48d99d4671,0x7f48d99f5ca8
0x7f48d99d4690,0x7ffd1514a0ff
0x7f48d99d466a,0x7f48d99f5d10
0x7f48d99d4671,0x7f48d99f5d18
0x7f48d99d466a,0x7f48d99f5d80
0x7f48d99d4671,0x7f48d99f5d88
0x7f48d99d466a,0x7f48d99f5df0
0x7f48d99d4671,0x7f48d99f5df8
0x7f48d99d466a,0x7f48d99f5e60
0x7f48d99d4671,0x7f48d99f5e68
0x7f48d99d466a,0x7f48d99f5ed0
0x7f48d99d4671,0x7f48d99f5ed8
0x7f48d99d466a,0x7f48d99f5f40
0x7f48d99d4671,0x7f48d99f5f48
0x7f48d99d466a,0x7f48d99f5fb0
0x7f48d99d4671,0x7f48d99f5fb8
0x7f48d99d466a,0x7f48d99f6020
0x7f48d99d4671,0x7f48d99f6028
0x7f48d99d466a,0x7f48d99f6090
0x7f48d99d4671,0x7f48d99f6098
0x7f48d99d466a,0x7f48d99f6100
0x7f48d99d4671,0x7f48d99f6108
0x7f48d99d466a,0x7f48d99f6170
0x7f48d99d4671,0x7f48d99f6178
0x7f48d99d4690,0x7ffd1514a0ff
0x7f48d99d466a,0x7f48d99f61e0
0x7f48d99d4671,0x7f48d99f61e8
0x7f48d99d466a,0x7f48d99f6250
0x7f48d99d4671,0x7f48d99f6258
0x7f48d99d466a,0x7f48d99f62c0
0x7f48d99d4671,0x7f48d99f62c8
0x7f48d99d466a,0x7f48d99f6330
0x7f48d99d4671,0x7f48d99f6338
0x7f48d99d466a,0x7f48d99f63a0
0x7f48d99d4671,0x7f48d99f63a8
0x7f48d99d4690,0x7ffd1514a0ff
0x7f48d99d466a,0x7f48d99f6410
0x7f48d99d4671,0x7f48d99f6418
0x7f48d99d4690,0x7ffd1514a0ff
0x7f48d99d466a,0x7f48d99f6480
0x7f48d99d4671,0x7f48d99f6488
0x7f48d99d466a,0x7f48d99f64f0
0x7f48d99d4671,0x7f48d99f64f8
0x7f48d99d466a,0x7f48d99f6560
0x7f48d99d4671,0x7f48d99f6568
0x7f48d99d466a,0x7f48d99f65d0
0x7f48d99d4671,0x7f48d99f65d8
0x7f48d99d466a,0x7f48d99f6640
0x7f48d99d4671,0x7f48d99f6648
0x7f48d99d466a,0x7f48d99f66b0
0x7f48d99d4671,0x7f48d99f66b8
0x7f48d99d4690,0x7ffd1514a0ff
0x7f48d99d466a,0x7f48d99f6720
0x7f48d99d4671,0x7f48d99f6728
0x7f48d99d4690,0x7ffd1514a0ff
0x7f48d99d466a,0x7f48d99f6790
0x7f48d99d4671,0x7f48d99f6798
0x7f48d99d466a,0x7f48d99f6800
0x7f48d99d4671,0x7f48d99f6808
0x7f48d99d466a,0x7f48d99f6870
0x7f48d99d4671,0x7f48d99f6878
0x7f48d99d4690,0x7ffd1514a0ff
0x7f48d99d466a,0x7f48d99f68e0
0x7f48d99d4671,0x7f48d99f68e8
0x7f48d99d466a,0x7f48d99f6950
0x7f48d99d4671,0x7f48d99f6958
0x7f48d99d466a,0x7f48d99f69c0
0x7f48d99d4671,0x7f48d99f69c8
0x7f48d99d466a,0x7f48d99f6a30
0x7f48d99d4671,0x7f48d99f6a38
0x7f48d99d4690,0x7ffd1514a0ff
0x7f48d99d4730,0x7ffd15147ee0
0x7f48d99d45a9,0x7ffd15148118
0x7f48d99d45b5,0x7ffd1514a14f
0x7f48d99d45bc,0x7ffd15147ee0
0x7f48d99d45e0,0x7ffd1514a150
0x7f48d99d45e0,0x7ffd1514a151
0x7f48d99d45e0,0x7ffd1514a152
0x7f48d99d45e0,0x7ffd1514a153
0x7f48d99d45e0,0x7ffd1514a154
0x7f48d99d45e0,0x7ffd1514a155
0x7f48d99d45e0,0x7ffd1514a156
0x7f48d99d45e0,0x7ffd1514a157
0x7f48d99d45e0,0x7ffd1514a158
0x7f48d99d45e0,0x7ffd1514a159
0x7f48d99d45e0,0x7ffd1514a15a
0x7f48d99d45e0,0x7ffd1514a15b
0x7f48d99d45e0,0x7ffd1514a15c
0x7f48d99d45e0,0x7ffd1514a15d
0x7f48d99d45e0,0x7ffd1514a15e
0x7f48d99d45e0,0x7ffd1514a15f
0x7f48d99d4614,0x7ffd15147ee8
0x7f48d99d463b,0x7ffd1514a14f
0x7f48d99d4642,0x7f48d99f6a98
0x7f48d99d466a,0x7f48d99f5b50
0x7f48d99d4671,0x7f48d99f5b58
0x7f48d99d466a,0x7f48d99f5bc0
0x7f48d99d4671,0x7f48d99f5bc8
0x7f48d99d466a,0x7f48d99f5c30
0x7f48d99d4671,0x7f48d99f5c38
0x7f48d99d4690,0x7ffd1514a14f
0x7f48d99d466a,0x7f48d99f5ca0
0x7f48d99d4671,0x7f48d99f5ca8
0x7f48d99d4690,0x7ffd1514a14f
0x7f48d99d466a,0x7f48d99f5d10
0x7f48d99d4671,0x7f48d99f5d18
0x7f48d99d466a,0x7f48d99f5d80
0x7f48d99d4671,0x7f48d99f5d88
0x7f48d99d466a,0x7f48d99f5df0
0x7f48d99d4671,0x7f48d99f5df8
0x7f48d99d466a,0x7f48d99f5e60
0x7f48d99d4671,0x7f48d99f5e68
0x7f48d99d466a,0x7f48d99f5ed0
0x7f48d99d4671,0x7f48d99f5ed8
0x7f48d99d466a,0x7f48d99f5f40
0x7f48d99d4671,0x7f48d99f5f48
0x7f48d99d466a,0x7f48d99f5fb0
0x7f48d99d4671,0x7f48d99f5fb8
0x7f48d99d466a,0x7f48d99f6020
0x7f48d99d4671,0x7f48d99f6028
0x7f48d99d466a,0x7f48d99f6090
0x7f48d99d4671,0x7f48d99f6098
0x7f48d99d466a,0x7f48d99f6100
0x7f48d99d4671,0x7f48d99f6108
0x7f48d99d466a,0x7f48d99f6170
0x7f48d99d4671,0x7f48d99f6178
0x7f48d99d4690,0x7ffd1514a14f
0x7f48d99d466a,0x7f48d99f61e0
0x7f48d99d4671,0x7f48d99f61e8
0x7f48d99d466a,0x7f48d99f6250
0x7f48d99d4671,0x7f48d99f6258
0x7f48d99d466a,0x7f48d99f62c0
0x7f48d99d4671,0x7f48d99f62c8
0x7f48d99d466a,0x7f48d99f6330
0x7f48d99d4671,0x7f48d99f6338
0x7f48d99d466a,0x7f48d99f63a0
0x7f48d99d4671,0x7f48d99f63a8
0x7f48d99d4690,0x7ffd1514a14f
0x7f48d99d466a,0x7f48d99f6410
0x7f48d99d4671,0x7f48d99f6418
0x7f48d99d4690,0x7ffd1514a14f
0x7f48d99d466a,0x7f48d99f6480
0x7f48d99d4671,0x7f48d99f6488
0x7f48d99d466a,0x7f48d99f64f0
0x7f48d99d4671,0x7f48d99f64f8
0x7f48d99d466a,0x7f48d99f6560
0x7f48d99d4671,0x7f48d99f6568
0x7f48d99d466a,0x7f48d99f65d0
0x7f48d99d4671,0x7f48d99f65d8
0x7f48d99d466a,0x7f48d99f6640
0x7f48d99d4671,0x7f48d99f6648
0x7f48d99d466a,0x7f48d99f66b0
0x7f48d99d4671,0x7f48d99f66b8
0x7f48d99d4690,0x7ffd1514a14f
0x7f48d99d466a,0x7f48d99f6720
0x7f48d99d4671,0x7f48d99f6728
0x7f48d99d4690,0x7ffd1514a14f
0x7f48d99d466a,0x7f48d99f6790
0x7f48d99d4671,0x7f48d99f6798
0x7f48d99d466a,0x7f48d99f6800
0x7f48d99d4671,0x7f48d99f6808
0x7f48d99d466a,0x7f48d99f6870
0x7f48d99d4671,0x7f48d99f6878
0x7f48d99d4690,0x7ffd1514a14f
0x7f48d99d466a,0x7f48d99f68e0
0x7f48d99d4671,0x7f48d99f68e8
0x7f48d99d466a,0x7f48d99f6950
0x7f48d99d4671,0x7f48d99f6958
0x7f48d99d466a,0x7f48d99f69c0
0x7f48d99d4671,0x7f48d99f69c8
0x7f48d99d466a,0x7f48d99f6a30
0x7f48d99d4671,0x7f48d99f6a38
0x7f48d99d4690,0x7ffd1514a14f
0x7f48d99d4730,0x7ffd15147ee0
0x7f48d99d45a9,0x7ffd15148120
0x7f48d99d45b5,0x7ffd1514a162
0x7f48d99d45bc,0x7ffd15147ee0
0x7f48d99d45e0,0x7ffd1514a163
0x7f48d99d45e0,0x7ffd1514a164
0x7f48d99d45e0,0x7ffd1514a165
0x7f48d99d45e0,0x7ffd1514a166
0x7f48d99d45e0,0x7ffd1514a167
0x7f48d99d45e0,0x7ffd1514a168
0x7f48d99d45e0,0x7ffd1514a169
0x7f48d99d45e0,0x7ffd1514a16a
0x7f48d99d45e0,0x7ffd1514a16b
0x7f48d99d4614,0x7ffd15147ee8
0x7f48d99d463b,0x7ffd1514a162
0x7f48d99d4642,0x7f48d99f6a98
0x7f48d99d466a,0x7f48d99f5b50
0x7f48d99d4671,0x7f48d99f5b58
0x7f48d99d466a,0x7f48d99f5bc0
0x7f48d99d4671,0x7f48d99f5bc8
0x7f48d99d466a,0x7f48d99f5c30
0x7f48d99d4671,0x7f48d99f5c38
0x7f48d99d4690,0x7ffd1514a162
0x7f48d99d466a,0x7f48d99f5ca0
0x7f48d99d4671,0x7f48d99f5ca8
0x7f48d99d4690,0x7ffd1514a162
0x7f48d99d466a,0x7f48d99f5d10
0x7f48d99d4671,0x7f48d99f5d18
0x7f48d99d466a,0x7f48d99f5d80
0x7f48d99d4671,0x7f48d99f5d88
0x7f48d99d466a,0x7f48d99f5df0
0x7f48d99d4671,0x7f48d99f5df8
0x7f48d99d466a,0x7f48d99f5e60
0x7f48d99d4671,0x7f48d99f5e68
0x7f48d99d466a,0x7f48d99f5ed0
0x7f48d99d4671,0x7f48d99f5ed8
0x7f48d99d466a,0x7f48d99f5f40
0x7f48d99d4671,0x7f48d99f5f48
0x7f48d99d466a,0x7f48d99f5fb0
0x7f48d99d4671,0x7f48d99f5fb8
0x7f48d99d466a,0x7f48d99f6020
0x7f48d99d4671,0x7f48d99f6028
0x7f48d99d466a,0x7f48d99f6090
0x7f48d99d4671,0x7f48d99f6098
0x7f48d99d466a,0x7f48d99f6100
0x7f48d99d4671,0x7f48d99f6108
0x7f48d99d466a,0x7f48d99f6170
0x7f48d99d4671,0x7f48d99f6178
0x7f48d99d4690,0x7ffd1514a162
0x7f48d99d466a,0x7f48d99f61e0
0x7f48d99d4671,0x7f48d99f61e8
0x7f48d99d466a,0x7f48d99f6250
0x7f48d99d4671,0x7f48d99f6258
0x7f48d99d466a,0x7f48d99f62c0
0x7f48d99d4671,0x7f48d99f62c8
0x7f48d99d466a,0x7f48d99f6330
0x7f48d99d4671,0x7f48d99f6338
0x7f48d99d466a,0x7f48d99f63a0
0x7f48d99d4671,0x7f48d99f63a8
0x7f48d99d4690,0x7ffd1514a162
0x7f48d99d466a,0x7f48d99f6410
0x7f48d99d4671,0x7f48d99f6418
0x7f48d99d4690,0x7ffd1514a162
0x7f48d99d466a,0x7f48d99f6480
0x7f48d99d4671,0x7f48d99f6488
0x7f48d99d466a,0x7f48d99f64f0
0x7f48d99d4671,0x7f48d99f64f8
0x7f48d99d466a,0x7f48d99f6560
0x7f48d99d4671,0x7f48d99f6568
0x7f48d99d466a,0x7f48d99f65d0
0x7f48d99d4671,0x7f48d99f65d8
0x7f48d99d466a,0x7f48d99f6640
0x7f48d99d4671,0x7f48d99f6648
0x7f48d99d466a,0x7f48d99f66b0
0x7f48d99d4671,0x7f48d99f66b8
0x7f48d99d4690,0x7ffd1514a162
0x7f48d99d466a,0x7f48d99f6720
0x7f48d99d4671,0x7f48d99f6728
0x7f48d99d4690,0x7ffd1514a162
0x7f48d99d466a,0x7f48d99f6790
0x7f48d99d4671,0x7f48d99f6798
0x7f48d99d466a,0x7f48d99f6800
0x7f48d99d4671,0x7f48d99f6808
0x7f48d99d466a,0x7f48d99f6870
0x7f48d99d4671,0x7f48d99f6878
0x7f48d99d4690,0x7ffd1514a162
0x7f48d99d466a,0x7f48d99f68e0
0x7f48d99d4671,0x7f48d99f68e8
0x7f48d99d466a,0x7f48d99f6950
0x7f48d99d4671,0x7f48d99f6958
0x7f48d99d466a,0x7f48d99f69c0
0x7f48d99d4671,0x7f48d99f69c8
0x7f48d99d466a,0x7f48d99f6a30
0x7f48d99d4671,0x7f48d99f6a38
0x7f48d99d4690,0x7ffd1514a162
0x7f48d99d4730,0x7ffd15147ee0
0x7f48d99d45a9,0x7ffd15148128
0x7f48d99d45b5,0x7ffd1514a176
0x7f48d99d45bc,0x7ffd15147ee0
0x7f48d99d45e0,0x7ffd1514a177
0x7f48d99d45e0,0x7ffd1514a178
0x7f48d99d45e0,0x7ffd1514a179
0x7f48d99d45e0,0x7ffd1514a17a
0x7f48d99d45e0,0x7ffd1514a17b
0x7f48d99d45e0,0x7ffd1514a17c
0x7f48d99d45e0,0x7ffd1514a17d
0x7f48d99d45e0,0x7ffd1514a17e
0x7f48d99d45e0,0x7ffd1514a17f
0x7f48d99d45e0,0x7ffd1514a180
0x7f48d99d45e0,0x7ffd1514a181
0x7f48d99d45e0,0x7ffd1514a182
0x7f48d99d45e0,0x7ffd1514a183
0x7f48d99d45e0,0x7ffd1514a184
0x7f48d99d45e0,0x7ffd1514a185
0x7f48d99d4614,0x7ffd15147ee8
0x7f48d99d463b,0x7ffd1514a176
0x7f48d99d4642,0x7f48d99f6a98
0x7f48d99d466a,0x7f48d99f5b50
0x7f48d99d4671,0x7f48d99f5b58
0x7f48d99d466a,0x7f48d99f5bc0
0x7f48d99d4671,0x7f48d99f5bc8
0x7f48d99d466a,0x7f48d99f5c30
0x7f48d99d4671,0x7f48d99f5c38
0x7f48d99d4690,0x7ffd1514a176
0x7f48d99d466a,0x7f48d99f5ca0
0x7f48d99d4671,0x7f48d99f5ca8
0x7f48d99d4690,0x7ffd1514a176
0x7f48d99d466a,0x7f48d99f5d10
0x7f48d99d4671,0x7f48d99f5d18
0x7f48d99d466a,0x7f48d99f5d80
0x7f48d99d4671,0x7f48d99f5d88
0x7f48d99d466a,0x7f48d99f5df0
0x7f48d99d4671,0x7f48d99f5df8
0x7f48d99d466a,0x7f48d99f5e60
0x7f48d99d4671,0x7f48d99f5e68
0x7f48d99d466a,0x7f48d99f5ed0
0x7f48d99d4671,0x7f48d99f5ed8
0x7f48d99d466a,0x7f48d99f5f40
0x7f48d99d4671,0x7f48d99f5f48
0x7f48d99d466a,0x7f48d99f5fb0
0x7f48d99d4671,0x7f48d99f5fb8
0x7f48d99d466a,0x7f48d99f6020
0x7f48d99d4671,0x7f48d99f6028
0x7f48d99d466a,0x7f48d99f6090
0x7f48d99d4671,0x7f48d99f6098
0x7f48d99d466a,0x7f48d99f6100
0x7f48d99d4671,0x7f48d99f6108
0x7f48d99d466a,0x7f48d99f6170
0x7f48d99d4671,0x7f48d99f6178
0x7f48d99d4690,0x7ffd1514a176
0x7f48d99d466a,0x7f48d99f61e0
0x7f48d99d4671,0x7f48d99f61e8
0x7f48d99d466a,0x7f48d99f6250
0x7f48d99d4671,0x7f48d99f6258
0x7f48d99d466a,0x7f48d99f62c0
0x7f48d99d4671,0x7f48d99f62c8
0x7f48d99d466a,0x7f48d99f6330
0x7f48d99d4671,0x7f48d99f6338
0x7f48d99d466a,0x7f48d99f63a0
0x7f48d99d4671,0x7f48d99f63a8
0x7f48d99d4690,0x7ffd1514a176
0x7f48d99d466a,0x7f48d99f6410
0x7f48d99d4671,0x7f48d99f6418
0x7f48d99d4690,0x7ffd1514a176
0x7f48d99d466a,0x7f48d99f6480
0x7f48d99d4671,0x7f48d99f6488
0x7f48d99d466a,0x7f48d99f64f0
0x7f48d99d4671,0x7f48d99f64f8
0x7f48d99d466a,0x7f48d99f6560
0x7f48d99d4671,0x7f48d99f6568
0x7f48d99d466a,0x7f48d99f65d0
0x7f48d99d4671,0x7f48d99f65d8
0x7f48d99d466a,0x7f48d99f6640
0x7f48d99d4671,0x7f48d99f6648
0x7f48d99d466a,0x7f48d99f66b0
0x7f48d99d4671,0x7f48d99f66b8
0x7f48d99d4690,0x7ffd1514a176
0x7f48d99d466a,0x7f48d99f6720
0x7f48d99d4671,0x7f48d99f6728
0x7f48d99d4690,0x7ffd1514a176
0x7f48d99d466a,0x7f48d99f6790
0x7f48d99d4671,0x7f48d99f6798
0x7f48d99d466a,0x7f48d99f6800
0x7f48d99d4671,0x7f48d99f6808
0x7f48d99d466a,0x7f48d99f6870
0x7f48d99d4671,0x7f48d99f6878
0x7f48d99d4690,0x7ffd1514a176
0x7f48d99d466a,0x7f48d99f68e0
0x7f48d99d4671,0x7f48d99f68e8
0x7f48d99d466a,0x7f48d99f6950
0x7f48d99d4671,0x7f48d99f6958
0x7f48d99d466a,0x7f48d99f69c0
0x7f48d99d4671,0x7f48d99f69c8
0x7f48d99d466a,0x7f48d99f6a30
0x7f48d99d4671,0x7f48d99f6a38
0x7f48d99d4690,0x7ffd1514a176
0x7f48d99d4730,0x7ffd15147ee0
0x7f48d99d45a9,0x7ffd15148130
0x7f48d99d45b5,0x7ffd1514a1a3
0x7f48d99d45bc,0x7ffd15147ee0
0x7f48d99d45e0,0x7ffd1514a1a4
0x7f48d99d45e0,0x7ffd1514a1a5
0x7f48d99d45e0,0x7ffd1514a1a6
0x7f48d99d45e0,0x7ffd1514a1a7
0x7f48d99d45e0,0x7ffd1514a1a8
0x7f48d99d45e0,0x7ffd1514a1a9
0x7f48d99d45e0,0x7ffd1514a1aa
0x7f48d99d45e0,0x7ffd1514a1ab
0x7f48d99d45e0,0x7ffd1514a1ac
0x7f48d99d45e0,0x7ffd1514a1ad
0x7f48d99d45e0,0x7ffd1514a1ae
0x7f48d99d45e0,0x7ffd1514a1af
0x7f48d99d45e0,0x7ffd1514a1b0
0x7f48d99d45e0,0x7ffd1514a1b1
0x7f48d99d45e0,0x7ffd1514a1b2
0x7f48d99d45e0,0x7ffd1514a1b3
0x7f48d99d45e0,0x7ffd1514a1b4
0x7f48d99d45e0,0x7ffd1514a1b5
0x7f48d99d4614,0x7ffd15147ee8
0x7f48d99d463b,0x7ffd1514a1a3
0x7f48d99d4642,0x7f48d99f6a98
0x7f48d99d466a,0x7f48d99f5b50
0x7f48d99d4671,0x7f48d99f5b58
0x7f48d99d466a,0x7f48d99f5bc0
0x7f48d99d4671,0x7f48d99f5bc8
0x7f48d99d466a,0x7f48d99f5c30
0x7f48d99d4671,0x7f48d99f5c38
0x7f48d99d4690,0x7ffd1514a1a3
0x7f48d99d466a,0x7f48d99f5ca0
0x7f48d99d4671,0x7f48d99f5ca8
0x7f48d99d4690,0x7ffd1514a1a3
0x7f48d99d466a,0x7f48d99f5d10
0x7f48d99d4671,0x7f48d99f5d18
0x7f48d99d466a,0x7f48d99f5d80
0x7f48d99d4671,0x7f48d99f5d88
0x7f48d99d466a,0x7f48d99f5df0
0x7f48d99d4671,0x7f48d99f5df8
0x7f48d99d466a,0x7f48d99f5e60
0x7f48d99d4671,0x7f48d99f5e68
0x7f48d99d466a,0x7f48d99f5ed0
0x7f48d99d4671,0x7f48d99f5ed8
0x7f48d99d466a,0x7f48d99f5f40
0x7f48d99d4671,0x7f48d99f5f48
0x7f48d99d466a,0x7f48d99f5fb0
0x7f48d99d4671,0x7f48d99f5fb8
0x7f48d99d466a,0x7f48d99f6020
0x7f48d99d4671,0x7f48d99f6028
0x7f48d99d466a,0x7f48d99f6090
0x7f48d99d4671,0x7f48d99f6098
0x7f48d99d466a,0x7f48d99f6100
0x7f48d99d4671,0x7f48d99f6108
0x7f48d99d466a,0x7f48d99f6170
0x7f48d99d4671,0x7f48d99f6178
0x7f48d99d4690,0x7ffd1514a1a3
0x7f48d99d466a,0x7f48d99f61e0
0x7f48d99d4671,0x7f48d99f61e8
0x7f48d99d466a,0x7f48d99f6250
0x7f48d99d4671,0x7f48d99f6258
0x7f48d99d466a,0x7f48d99f62c0
0x7f48d99d4671,0x7f48d99f62c8
0x7f48d99d466a,0x7f48d99f6330
0x7f48d99d4671,0x7f48d99f6338
0x7f48d99d466a,0x7f48d99f63a0
0x7f48d99d4671,0x7f48d99f63a8
0x7f48d99d4690,0x7ffd1514a1a3
0x7f48d99d466a,0x7f48d99f6410
0x7f48d99d4671,0x7f48d99f6418
0x7f48d99d4690,0x7ffd1514a1a3
0x7f48d99d466a,0x7f48d99f6480
0x7f48d99d4671,0x7f48d99f6488
0x7f48d99d466a,0x7f48d99f64f0
0x7f48d99d4671,0x7f48d99f64f8
0x7f48d99d466a,0x7f48d99f6560
0x7f48d99d4671,0x7f48d99f6568
0x7f48d99d466a,0x7f48d99f65d0
0x7f48d99d4671,0x7f48d99f65d8
0x7f48d99d466a,0x7f48d99f6640
0x7f48d99d4671,0x7f48d99f6648
0x7f48d99d466a,0x7f48d99f66b0
0x7f48d99d4671,0x7f48d99f66b8
0x7f48d99d4690,0x7ffd1514a1a3
0x7f48d99d466a,0x7f48d99f6720
0x7f48d99d4671,0x7f48d99f6728
0x7f48d99d4690,0x7ffd1514a1a3
0x7f48d99d466a,0x7f48d99f6790
0x7f48d99d4671,0x7f48d99f6798
0x7f48d99d466a,0x7f48d99f6800
0x7f48d99d4671,0x7f48d99f6808
0x7f48d99d466a,0x7f48d99f6870
0x7f48d99d4671,0x7f48d99f6878
0x7f48d99d4690,0x7ffd1514a1a3
0x7f48d99d466a,0x7f48d99f68e0
0x7f48d99d4671,0x7f48d99f68e8
0x7f48d99d466a,0x7f48d99f6950
0x7f48d99d4671,0x7f48d99f6958
0x7f48d99d466a,0x7f48d99f69c0
0x7f48d99d4671,0x7f48d99f69c8
0x7f48d99d466a,0x7f48d99f6a30
0x7f48d99d4671,0x7f48d99f6a38
0x7f48d99d4690,0x7ffd1514a1a3
0x7f48d99d4730,0x7ffd15147ee0
0x7f48d99d45a9,0x7ffd15148138
0x7f48d99d45b5,0x7ffd1514a1c4
0x7f48d99d45bc,0x7ffd15147ee0
0x7f48d99d45e0,0x7ffd1514a1c5
0x7f48d99d45e0,0x7ffd1514a1c6
0x7f48d99d45e0,0x7ffd1514a1c7
0x7f48d99d45e0,0x7ffd1514a1c8
0x7f48d99d45e0,0x7ffd1514a1c9
0x7f48d99d45e0,0x7ffd1514a1ca
0x7f48d99d45e0,0x7ffd1514a1cb
0x7f48d99d45e0,0x7ffd1514a1cc
0x7f48d99d45e0,0x7ffd1514a1cd
0x7f48d99d45e0,0x7ffd1514a1ce
0x7f48d99d45e0,0x7ffd1514a1cf
0x7f48d99d45e0,0x7ffd1514a1d0
0x7f48d99d45e0,0x7ffd1514a1d1
0x7f48d99d45e0,0x7ffd1514a1d2
0x7f48d99d45e0,0x7ffd1514a1d3
0x7f48d99d4614,0x7ffd15147ee8
0x7f48d99d463b,0x7ffd1514a1c4
0x7f48d99d4642,0x7f48d99f6a98
0x7f48d99d466a,0x7f48d99f5b50
0x7f48d99d4671,0x7f48d99f5b58
0x7f48d99d466a,0x7f48d99f5bc0
0x7f48d99d4671,0x7f48d99f5bc8
0x7f48d99d466a,0x7f48d99f5c30
0x7f48d99d4671,0x7f48d99f5c38
0x7f48d99d4690,0x7ffd1514a1c4
0x7f48d99d466a,0x7f48d99f5ca0
0x7f48d99d4671,0x7f48d99f5ca8
0x7f48d99d4690,0x7ffd1514a1c4
0x7f48d99d466a,0x7f48d99f5d10
0x7f48d99d4671,0x7f48d99f5d18
0x7f48d99d466a,0x7f48d99f5d80
0x7f48d99d4671,0x7f48d99f5d88
0x7f48d99d466a,0x7f48d99f5df0
0x7f48d99d4671,0x7f48d99f5df8
0x7f48d99d466a,0x7f48d99f5e60
0x7f48d99d4671,0x7f48d99f5e68
0x7f48d99d466a,0x7f48d99f5ed0
0x7f48d99d4671,0x7f48d99f5ed8
0x7f48d99d466a,0x7f48d99f5f40
0x7f48d99d4671,0x7f48d99f5f48
0x7f48d99d466a,0x7f48d99f5fb0
0x7f48d99d4671,0x7f48d99f5fb8
0x7f48d99d466a,0x7f48d99f6020
0x7f48d99d4671,0x7f48d99f6028
0x7f48d99d466a,0x7f48d99f6090
0x7f48d99d4671,0x7f48d99f6098
0x7f48d99d466a,0x7f48d99f6100
0x7f48d99d4671,0x7f48d99f6108
0x7f48d99d466a,0x7f48d99f6170
0x7f48d99d4671,0x7f48d99f6178
0x7f48d99d4690,0x7ffd1514a1c4
0x7f48d99d466a,0x7f48d99f61e0
0x7f48d99d4671,0x7f48d99f61e8
0x7f48d99d466a,0x7f48d99f6250
0x7f48d99d4671,0x7f48d99f6258
0x7f48d99d466a,0x7f48d99f62c0
0x7f48d99d4671,0x7f48d99f62c8
0x7f48d99d466a,0x7f48d99f6330
0x7f48d99d4671,0x7f48d99f6338
0x7f48d99d466a,0x7f48d99f63a0
0x7f48d99d4671,0x7f48d99f63a8
0x7f48d99d4690,0x7ffd1514a1c4
0x7f48d99d466a,0x7f48d99f6410
0x7f48d99d4671,0x7f48d99f6418
0x7f48d99d4690,0x7ffd1514a1c4
0x7f48d99d466a,0x7f48d99f6480
0x7f48d99d4671,0x7f48d99f6488
0x7f48d99d466a,0x7f48d99f64f0
0x7f48d99d4671,0x7f48d99f64f8
0x7f48d99d466a,0x7f48d99f6560
0x7f48d99d4671,0x7f48d99f6568
0x7f48d99d466a,0x7f48d99f65d0
0x7f48d99d4671,0x7f48d99f65d8
0x7f48d99d466a,0x7f48d99f6640
0x7f48d99d4671,0x7f48d99f6648
0x7f48d99d466a,0x7f48d99f66b0
0x7f48d99d4671,0x7f48d99f66b8
0x7f48d99d4690,0x7ffd1514a1c4
0x7f48d99d466a,0x7f48d99f6720
0x7f48d99d4671,0x7f48d99f6728
0x7f48d99d4690,0x7ffd1514a1c4
0x7f48d99d466a,0x7f48d99f6790
0x7f48d99d4671,0x7f48d99f6798
0x7f48d99d466a,0x7f48d99f6800
0x7f48d99d4671,0x7f48d99f6808
0x7f48d99d466a,0x7f48d99f6870
0x7f48d99d4671,0x7f48d99f6878
0x7f48d99d4690,0x7ffd1514a1c4
0x7f48d99d466a,0x7f48d99f68e0
0x7f48d99d4671,0x7f48d99f68e8
0x7f48d99d466a,0x7f48d99f6950
0x7f48d99d4671,0x7f48d99f6958
0x7f48d99d466a,0x7f48d99f69c0
0x7f48d99d4671,0x7f48d99f69c8
0x7f48d99d466a,0x7f48d99f6a30
0x7f48d99d4671,0x7f48d99f6a38
0x7f48d99d4690,0x7ffd1514a1c4
0x7f48d99d4730,0x7ffd15147ee0
0x7f48d99d45a9,0x7ffd15148140
0x7f48d99d45b5,0x7ffd1514a1db
0x7f48d99d45bc,0x7ffd15147ee0
0x7f48d99d45e0,0x7ffd1514a1dc
0x7f48d99d45e0,0x7ffd1514a1dd
0x7f48d99d45e0,0x7ffd1514a1de
0x7f48d99d45e0,0x7ffd1514a1df
0x7f48d99d45e0,0x7ffd1514a1e0
0x7f48d99d45e0,0x7ffd1514a1e1
0x7f48d99d45e0,0x7ffd1514a1e2
0x7f48d99d45e0,0x7ffd1514a1e3
0x7f48d99d45e0,0x7ffd1514a1e4
0x7f48d99d45e0,0x7ffd1514a1e5
0x7f48d99d45e0,0x7ffd1514a1e6
0x7f48d99d45e0,0x7ffd1514a1e7
0x7f48d99d45e0,0x7ffd1514a1e8
0x7f48d99d45e0,0x7ffd1514a1e9
0x7f48d99d45e0,0x7ffd1514a1ea
0x7f48d99d45e0,0x7ffd1514a1eb
0x7f48d99d45e0,0x7ffd1514a1ec
0x7f48d99d45e0,0x7ffd1514a1ed
0x7f48d99d45e0,0x7ffd1514a1ee
0x7f48d99d45e0,0x7ffd1514a1ef
0x7f48d99d45e0,0x7ffd1514a1f0
0x7f48d99d45e0,0x7ffd1514a1f1
0x7f48d99d45e0,0x7ffd1514a1f2
0x7f48d99d45e0,0x7ffd1514a1f3
0x7f48d99d4614,0x7ffd15147ee8
0x7f48d99d463b,0x7ffd1514a1db
0x7f48d99d4624,0x7f48d99eb279
0x7f48d99d463b,0x7ffd1514a1dc
0x7f48d99d4642,0x7f48d99f6a98
0x7f48d99d466a,0x7f48d99f5b50
0x7f48d99d4671,0x7f48d99f5b58
0x7f48d99d466a,0x7f48d99f5bc0
0x7f48d99d4671,0x7f48d99f5bc8
0x7f48d99d466a,0x7f48d99f5c30
0x7f48d99d4671,0x7f48d99f5c38
0x7f48d99d4690,0x7ffd1514a1db
0x7f48d99d466a,0x7f48d99f5ca0
0x7f48d99d4671,0x7f48d99f5ca8
0x7f48d99d4690,0x7ffd1514a1db
0x7f48d99d466a,0x7f48d99f5d10
0x7f48d99d4671,0x7f48d99f5d18
0x7f48d99d466a,0x7f48d99f5d80
0x7f48d99d4671,0x7f48d99f5d88
0x7f48d99d466a,0x7f48d99f5df0
0x7f48d99d4671,0x7f48d99f5df8
0x7f48d99d466a,0x7f48d99f5e60
0x7f48d99d4671,0x7f48d99f5e68
0x7f48d99d466a,0x7f48d99f5ed0
0x7f48d99d4671,0x7f48d99f5ed8
0x7f48d99d466a,0x7f48d99f5f40
0x7f48d99d4671,0x7f48d99f5f48
0x7f48d99d466a,0x7f48d99f5fb0
0x7f48d99d4671,0x7f48d99f5fb8
0x7f48d99d466a,0x7f48d99f6020
0x7f48d99d4671,0x7f48d99f6028
0x7f48d99d466a,0x7f48d99f6090
0x7f48d99d4671,0x7f48d99f6098
0x7f48d99d466a,0x7f48d99f6100
0x7f48d99d4671,0x7f48d99f6108
0x7f48d99d466a,0x7f48d99f6170
0x7f48d99d4671,0x7f48d99f6178
0x7f48d99d4690,0x7ffd1514a1db
0x7f48d99d466a,0x7f48d99f61e0
0x7f48d99d4671,0x7f48d99f61e8
0x7f48d99d466a,0x7f48d99f6250
0x7f48d99d4671,0x7f48d99f6258
0x7f48d99d466a,0x7f48d99f62c0
0x7f48d99d4671,0x7f48d99f62c8
0x7f48d99d466a,0x7f48d99f6330
0x7f48d99d4671,0x7f48d99f6338
0x7f48d99d466a,0x7f48d99f63a0
0x7f48d99d4671,0x7f48d99f63a8
0x7f48d99d4690,0x7ffd1514a1db
0x7f48d99d466a,0x7f48d99f6410
0x7f48d99d4671,0x7f48d99f6418
0x7f48d99d4690,0x7ffd1514a1db
0x7f48d99d466a,0x7f48d99f6480
0x7f48d99d4671,0x7f48d99f6488
0x7f48d99d466a,0x7f48d99f64f0
0x7f48d99d4671,0x7f48d99f64f8
0x7f48d99d466a,0x7f48d99f6560
0x7f48d99d4671,0x7f48d99f6568
0x7f48d99d466a,0x7f48d99f65d0
0x7f48d99d4671,0x7f48d99f65d8
0x7f48d99d466a,0x7f48d99f6640
0x7f48d99d4671,0x7f48d99f6648
0x7f48d99d466a,0x7f48d99f66b0
0x7f48d99d4671,0x7f48d99f66b8
0x7f48d99d4690,0x7ffd1514a1db
0x7f48d99d466a,0x7f48d99f6720
0x7f48d99d4671,0x7f48d99f6728
0x7f48d99d4690,0x7ffd1514a1db
0x7f48d99d466a,0x7f48d99f6790
0x7f48d99d4671,0x7f48d99f6798
0x7f48d99d466a,0x7f48d99f6800
0x7f48d99d4671,0x7f48d99f6808
0x7f48d99d466a,0x7f48d99f6870
0x7f48d99d4671,0x7f48d99f6878
0x7f48d99d4690,0x7ffd1514a1db
0x7f48d99d466a,0x7f48d99f68e0
0x7f48d99d4671,0x7f48d99f68e8
0x7f48d99d466a,0x7f48d99f6950
0x7f48d99d4671,0x7f48d99f6958
0x7f48d99d466a,0x7f48d99f69c0
0x7f48d99d4671,0x7f48d99f69c8
0x7f48d99d466a,0x7f48d99f6a30
0x7f48d99d4671,0x7f48d99f6a38
0x7f48d99d4690,0x7ffd1514a1db
0x7f48d99d4730,0x7ffd15147ee0
0x7f48d99d45a9,0x7ffd15148148
0x7f48d99d45b5,0x7ffd1514a207
0x7f48d99d45bc,0x7ffd15147ee0
0x7f48d99d45e0,0x7ffd1514a208
0x7f48d99d45e0,0x7ffd1514a209
0x7f48d99d45e0,0x7ffd1514a20a
0x7f48d99d45e0,0x7ffd1514a20b
0x7f48d99d45e0,0x7ffd1514a20c
0x7f48d99d45e0,0x7ffd1514a20d
0x7f48d99d45e0,0x7ffd1514a20e
0x7f48d99d45e0,0x7ffd1514a20f
0x7f48d99d45e0,0x7ffd1514a210
0x7f48d99d45e0,0x7ffd1514a211
0x7f48d99d45e0,0x7ffd1514a212
0x7f48d99d45e0,0x7ffd1514a213
0x7f48d99d4614,0x7ffd15147ee8
0x7f48d99d463b,0x7ffd1514a207
0x7f48d99d4624,0x7f48d99eb279
0x7f48d99d463b,0x7ffd1514a208
0x7f48d99d4642,0x7f48d99f6a98
0x7f48d99d466a,0x7f48d99f5b50
0x7f48d99d4671,0x7f48d99f5b58
0x7f48d99d466a,0x7f48d99f5bc0
0x7f48d99d4671,0x7f48d99f5bc8
0x7f48d99d466a,0x7f48d99f5c30
0x7f48d99d4671,0x7f48d99f5c38
0x7f48d99d4690,0x7ffd1514a207
0x7f48d99d466a,0x7f48d99f5ca0
0x7f48d99d4671,0x7f48d99f5ca8
0x7f48d99d4690,0x7ffd1514a207
0x7f48d99d466a,0x7f48d99f5d10
0x7f48d99d4671,0x7f48d99f5d18
0x7f48d99d466a,0x7f48d99f5d80
0x7f48d99d4671,0x7f48d99f5d88
0x7f48d99d466a,0x7f48d99f5df0
0x7f48d99d4671,0x7f48d99f5df8
0x7f48d99d466a,0x7f48d99f5e60
0x7f48d99d4671,0x7f48d99f5e68
0x7f48d99d466a,0x7f48d99f5ed0
0x7f48d99d4671,0x7f48d99f5ed8
0x7f48d99d466a,0x7f48d99f5f40
0x7f48d99d4671,0x7f48d99f5f48
0x7f48d99d466a,0x7f48d99f5fb0
0x7f48d99d4671,0x7f48d99f5fb8
0x7f48d99d466a,0x7f48d99f6020
0x7f48d99d4671,0x7f48d99f6028
0x7f48d99d466a,0x7f48d99f6090
0x7f48d99d4671,0x7f48d99f6098
0x7f48d99d466a,0x7f48d99f6100
0x7f48d99d4671,0x7f48d99f6108
0x7f48d99d466a,0x7f48d99f6170
0x7f48d99d4671,0x7f48d99f6178
0x7f48d99d4690,0x7ffd1514a207
0x7f48d99d466a,0x7f48d99f61e0
0x7f48d99d4671,0x7f48d99f61e8
0x7f48d99d466a,0x7f48d99f6250
0x7f48d99d4671,0x7f48d99f6258
0x7f48d99d466a,0x7f48d99f62c0
0x7f48d99d4671,0x7f48d99f62c8
0x7f48d99d466a,0x7f48d99f6330
0x7f48d99d4671,0x7f48d99f6338
0x7f48d99d466a,0x7f48d99f63a0
0x7f48d99d4671,0x7f48d99f63a8
0x7f48d99d4690,0x7ffd1514a207
0x7f48d99d466a,0x7f48d99f6410
0x7f48d99d4671,0x7f48d99f6418
0x7f48d99d4690,0x7ffd1514a207
0x7f48d99d466a,0x7f48d99f6480
0x7f48d99d4671,0x7f48d99f6488
0x7f48d99d466a,0x7f48d99f64f0
0x7f48d99d4671,0x7f48d99f64f8
0x7f48d99d466a,0x7f48d99f6560
0x7f48d99d4671,0x7f48d99f6568
0x7f48d99d466a,0x7f48d99f65d0
0x7f48d99d4671,0x7f48d99f65d8
0x7f48d99d466a,0x7f48d99f6640
0x7f48d99d4671,0x7f48d99f6648
0x7f48d99d466a,0x7f48d99f66b0
0x7f48d99d4671,0x7f48d99f66b8
0x7f48d99d4690,0x7ffd1514a207
0x7f48d99d466a,0x7f48d99f6720
0x7f48d99d4671,0x7f48d99f6728
0x7f48d99d4690,0x7ffd1514a207
0x7f48d99d466a,0x7f48d99f6790
0x7f48d99d4671,0x7f48d99f6798
0x7f48d99d466a,0x7f48d99f6800
0x7f48d99d4671,0x7f48d99f6808
0x7f48d99d466a,0x7f48d99f6870
0x7f48d99d4671,0x7f48d99f6878
0x7f48d99d4690,0x7ffd1514a207
0x7f48d99d466a,0x7f48d99f68e0
0x7f48d99d4671,0x7f48d99f68e8
0x7f48d99d466a,0x7f48d99f6950
0x7f48d99d4671,0x7f48d99f6958
0x7f48d99d466a,0x7f48d99f69c0
0x7f48d99d4671,0x7f48d99f69c8
0x7f48d99d466a,0x7f48d99f6a30
0x7f48d99d4671,0x7f48d99f6a38
0x7f48d99d4690,0x7ffd1514a207
0x7f48d99d4730,0x7ffd15147ee0
0x7f48d99d45a9,0x7ffd15148150
0x7f48d99d45b5,0x7ffd1514a226
0x7f48d99d45bc,0x7ffd15147ee0
0x7f48d99d45e0,0x7ffd1514a227
0x7f48d99d45e0,0x7ffd1514a228
0x7f48d99d45e0,0x7ffd1514a229
0x7f48d99d45e0,0x7ffd1514a22a
0x7f48d99d45e0,0x7ffd1514a22b
0x7f48d99d45e0,0x7ffd1514a22c
0x7f48d99d45e0,0x7ffd1514a22d
0x7f48d99d45e0,0x7ffd1514a22e
0x7f48d99d45e0,0x7ffd1514a22f
0x7f48d99d45e0,0x7ffd1514a230
0x7f48d99d45e0,0x7ffd1514a231
0x7f48d99d45e0,0x7ffd1514a232
0x7f48d99d45e0,0x7ffd1514a233
0x7f48d99d45e0,0x7ffd1514a234
0x7f48d99d4614,0x7ffd15147ee8
0x7f48d99d463b,0x7ffd1514a226
0x7f48d99d4642,0x7f48d99f6a98
0x7f48d99d466a,0x7f48d99f5b50
0x7f48d99d4671,0x7f48d99f5b58
0x7f48d99d466a,0x7f48d99f5bc0
0x7f48d99d4671,0x7f48d99f5bc8
0x7f48d99d466a,0x7f48d99f5c30
0x7f48d99d4671,0x7f48d99f5c38
0x7f48d99d4690,0x7ffd1514a226
0x7f48d99d469b,0x7f48d99f5c39
0x7f48d99d4690,0x7ffd1514a227
0x7f48d99d469b,0x7f48d99f5c3a
0x7f48d99d4690,0x7ffd1514a228
0x7f48d99d466a,0x7f48d99f5ca0
0x7f48d99d4671,0x7f48d99f5ca8
0x7f48d99d4690,0x7ffd1514a226
0x7f48d99d469b,0x7f48d99f5ca9
0x7f48d99d4690,0x7ffd1514a227
0x7f48d99d469b,0x7f48d99f5caa
0x7f48d99d4690,0x7ffd1514a228
0x7f48d99d466a,0x7f48d99f5d10
0x7f48d99d4671,0x7f48d99f5d18
0x7f48d99d466a,0x7f48d99f5d80
0x7f48d99d4671,0x7f48d99f5d88
0x7f48d99d466a,0x7f48d99f5df0
0x7f48d99d4671,0x7f48d99f5df8
0x7f48d99d466a,0x7f48d99f5e60
0x7f48d99d4671,0x7f48d99f5e68
0x7f48d99d466a,0x7f48d99f5ed0
0x7f48d99d4671,0x7f48d99f5ed8
0x7f48d99d466a,0x7f48d99f5f40
0x7f48d99d4671,0x7f48d99f5f48
0x7f48d99d466a,0x7f48d99f5fb0
0x7f48d99d4671,0x7f48d99f5fb8
0x7f48d99d466a,0x7f48d99f6020
0x7f48d99d4671,0x7f48d99f6028
0x7f48d99d466a,0x7f48d99f6090
0x7f48d99d4671,0x7f48d99f6098
0x7f48d99d466a,0x7f48d99f6100
0x7f48d99d4671,0x7f48d99f6108
0x7f48d99d466a,0x7f48d99f6170
0x7f48d99d4671,0x7f48d99f6178
0x7f48d99d4690,0x7ffd1514a226
0x7f48d99d469b,0x7f48d99f6179
0x7f48d99d4690,0x7ffd1514a227
0x7f48d99d469b,0x7f48d99f617a
0x7f48d99d4690,0x7ffd1514a228
0x7f48d99d466a,0x7f48d99f61e0
0x7f48d99d4671,0x7f48d99f61e8
0x7f48d99d466a,0x7f48d99f6250
0x7f48d99d4671,0x7f48d99f6258
0x7f48d99d466a,0x7f48d99f62c0
0x7f48d99d4671,0x7f48d99f62c8
0x7f48d99d466a,0x7f48d99f6330
0x7f48d99d4671,0x7f48d99f6338
0x7f48d99d466a,0x7f48d99f63a0
0x7f48d99d4671,0x7f48d99f63a8
0x7f48d99d4690,0x7ffd1514a226
0x7f48d99d466a,0x7f48d99f6410
0x7f48d99d4671,0x7f48d99f6418
0x7f48d99d4690,0x7ffd1514a226
0x7f48d99d469b,0x7f48d99f6419
0x7f48d99d4690,0x7ffd1514a227
0x7f48d99d469b,0x7f48d99f641a
0x7f48d99d4690,0x7ffd1514a228
0x7f48d99d466a,0x7f48d99f6480
0x7f48d99d4671,0x7f48d99f6488
0x7f48d99d466a,0x7f48d99f64f0
0x7f48d99d4671,0x7f48d99f64f8
0x7f48d99d466a,0x7f48d99f6560
0x7f48d99d4671,0x7f48d99f6568
0x7f48d99d466a,0x7f48d99f65d0
0x7f48d99d4671,0x7f48d99f65d8
0x7f48d99d466a,0x7f48d99f6640
0x7f48d99d4671,0x7f48d99f6648
0x7f48d99d466a,0x7f48d99f66b0
0x7f48d99d4671,0x7f48d99f66b8
0x7f48d99d4690,0x7ffd1514a226
0x7f48d99d469b,0x7f48d99f66b9
0x7f48d99d4690,0x7ffd1514a227
0x7f48d99d469b,0x7f48d99f66ba
0x7f48d99d4690,0x7ffd1514a228
0x7f48d99d466a,0x7f48d99f6720
0x7f48d99d4671,0x7f48d99f6728
0x7f48d99d4690,0x7ffd1514a226
0x7f48d99d469b,0x7f48d99f6729
0x7f48d99d4690,0x7ffd1514a227
0x7f48d99d469b,0x7f48d99f672a
0x7f48d99d4690,0x7ffd1514a228
0x7f48d99d466a,0x7f48d99f6790
0x7f48d99d4671,0x7f48d99f6798
0x7f48d99d466a,0x7f48d99f6800
0x7f48d99d4671,0x7f48d99f6808
0x7f48d99d466a,0x7f48d99f6870
0x7f48d99d4671,0x7f48d99f6878
0x7f48d99d4690,0x7ffd1514a226
0x7f48d99d469b,0x7f48d99f6879
0x7f48d99d4690,0x7ffd1514a227
0x7f48d99d469b,0x7f48d99f687a
0x7f48d99d4690,0x7ffd1514a228
0x7f48d99d466a,0x7f48d99f68e0
0x7f48d99d4671,0x7f48d99f68e8
0x7f48d99d466a,0x7f48d99f6950
0x7f48d99d4671,0x7f48d99f6958
0x7f48d99d466a,0x7f48d99f69c0
0x7f48d99d4671,0x7f48d99f69c8
0x7f48d99d466a,0x7f48d99f6a30
0x7f48d99d4671,0x7f48d99f6a38
0x7f48d99d4690,0x7ffd1514a226
0x7f48d99d469b,0x7f48d99f6a39
0x7f48d99d4690,0x7ffd1514a227
0x7f48d99d469b,0x7f48d99f6a3a
0x7f48d99d4690,0x7ffd1514a228
0x7f48d99d4730,0x7ffd15147ee0
0x7f48d99d45a9,0x7ffd15148158
0x7f48d99d45b5,0x7ffd1514a25c
0x7f48d99d45bc,0x7ffd15147ee0
0x7f48d99d45e0,0x7ffd1514a25d
0x7f48d99d45e0,0x7ffd1514a25e
0x7f48d99d45e0,0x7ffd1514a25f
0x7f48d99d45e0,0x7ffd1514a260
0x7f48d99d45e0,0x7ffd1514a261
0x7f48d99d45e0,0x7ffd1514a262
0x7f48d99d45e0,0x7ffd1514a263
0x7f48d99d45e0,0x7ffd1514a264
0x7f48d99d45e0,0x7ffd1514a265
0x7f48d99d45e0,0x7ffd1514a266
0x7f48d99d45e0,0x7ffd1514a267
0x7f48d99d45e0,0x7ffd1514a268
0x7f48d99d45e0,0x7ffd1514a269
0x7f48d99d45e0,0x7ffd1514a26a
0x7f48d99d45e0,0x7ffd1514a26b
0x7f48d99d45e0,0x7ffd1514a26c
0x7f48d99d45e0,0x7ffd1514a26d
0x7f48d99d45e0,0x7ffd1514a26e
0x7f48d99d45e0,0x7ffd1514a26f
0x7f48d99d45e0,0x7ffd1514a270
0x7f48d99d45e0,0x7ffd1514a271